IDTEACH,TT3G01,TT3G07A,TT3G07D,TT3G07G,TT3G34B,TT3G34D,TT3G53E,TT3G53H
300101,1,2,1,3,2,2,3,1
300102,1,2,2,3,2,2,2,1
300103,1,2,2,3,2,1,2,1
300104,2,2,3,2,2,3,3,1
300105,1,3,3,3,1,2,2,1
300106,1,2,1,3,1,2,2,2
300107,1,2,3,3,1,2,3,2
300108,1,2,1,2,2,3,3,1
300109,1,2,3,3,3,3,2,1
300110,1,2,2,3,2,3,3,1
300111,1,2,2,2,2,2,2,1
300112,1,2,1,2,2,2,3,1
300113,1,3,3,3,1,1,2,1
300114,1,1,1,3,2,3,3,1
300115,2,2,1,3,2,2,2,2
300116,1,2,2,3,2,2,2,2
300117,2,1,2,2,3,3,3,1
300118,2,2,3,3,1,2,3,2
300119,1,3,3,3,2,3,2,1
300120,2,3,1,3,3,3,3,3
300201,1,2,1,3,3,3,3,1
300202,2,2,3,1,2,1,2,1
300203,1,3,3,3,2,2,2,1
300204,1,2,3,3,1,1,2,1
300205,2,2,1,3,1,2,2,1
300206,1,3,2,3,1,2,2,2
300207,1,3,3,3,3,3,2,1
300301,1,2,2,3,3,3,3,1
300302,1,2,1,2,1,1,2,1
300303,1,2,3,2,2,2,3,1
300304,1,2,3,3,2,3,3,1
300305,2,2,1,3,3,3,3,3
300306,1,2,2,3,1,1,2,1
300307,1,3,3,3,1,2,1,1
300308,1,1,1,2,2,2,1,1
300309,1,3,1,3,3,3,3,1
300310,2,1,2,3,2,2, , 
300311,1,3,1,3,3,3,3,3
300312,2,1,1,1,1,1,3,1
300401,1,1,1,2,3,2,1,1
300402,1,2,3,3,3,1,3,1
300403,1,2,3,3,2,3,3,2
300404,1,3,3,3,1,2,2,2
300405,1,2,3,3,3,3,3,3
300406,2,2,2,3,1, ,2,1
300407,1,1,3,3,1,2,2,1
300408,2,1,3,2,1,2,2,3
300409,2,3,2,3,1,2,2,1
300411,1,2,2,2,2,3,3,1
300412,1,3,3,3,1,1,3,1
300413,2,2,3,2,2,2,2,2
300414,2,2,3,3,2,2,2,1
300415,1,2,3,3,1,2,2,1
300417,1,3,3,3,3,2,2,1
300418,1,3,3,3,3,3,3,2
300419,1,2,2,3,2,3,3,2
300420,1,2,1,2,3,2,3,2
300501,1,1,1,3,3,3,2,2
300502,1,2,1,3,3,3,2,1
300503,1,2,1,3,1,2,2,1
300504,1,2,2,3,2,2,3,1
300505,2,1,3,1,1,2,3,2
300506,1,3,3,3,3,3,3,1
300507,1,3,3,3,3,3,3,3
300508,1,2,3,3,3,2,2,1
300509,2,2,2,2,2,2,1,2
300510,2,2,2,2,2,2,3,2
300511,1,3,3,3,1,3,1,3
300512,2,2,3,2,2,3,1,1
300513,1,2,1,3,3,2,2,1
300514,2,2,2,2,2,3,2,2
300515,1,2,3,3,2,1,1,1
300516,2,2,3,3,3,3,3,3
300517,1,3,3,3,3,3,2,2
300518,1,2,2,3,2,2,2,2
300519,2,3,3,3,2,2,2,1
300520,1,1,1,3,1,2,3,2
300601,1,2,1,2,1,2,2,1
300602,1,1,2,2,2,2,1,1
300603,2,2,2,2,2,3,2,1
300604,1,3,3,3,1,2,1,1
300605,1,2,1,2,2,3,1,1
300606,1,2,1,2,3,2,2,1
300607,1,3,2,3,3,3,3,2
300608,1,3,3,3,3,2,3,2
300610,2,3,3,2,1,2,2,2
300611,1,3,3,3,1,2,2,1
300612,1,3,3,3,1,2,2,1
300613,2,3,3,3,1,2,2,1
300701,1,1,1,3,2,2,1,1
300702,1,3,2,3,1,3,3,2
300703,2,2,2,2,2,2,2,2
300704,1,2,2,2,2,2,2,2
300705,2,3,2,2,2,2,2,2
300706,1,2,1,3,1,3,3,1
300707,1,2,2,3,2,1,3,2
300708,1,2,2,2,3,3,3,2
300710,1,2,2,3,3,3,3,1
300803,1,2,2,2,2,1,2,2
300810,1,3,3,3,3,2,2,1
300811,1,1,2,3,2, ,1,2
300812,1,2,3,3,2,3,3,1
300813,1,3,1,3,3,3,2,1
300814,2,2,2,3,3,3,3,3
300815,1,2,3,3,1,1,2,1
300816,2,3,3,3,2,2,3,1
300817,2,2,2,2,3,3, , 
300818,1,1,3,1,2,3,1,1
300820,2,3,2,3,3,3,2,1
300901,2,2,3,3,2,3,3,2
300902,2,3,2,3,2,1,3,1
300903,1,3,3,3,2,2,2,1
300904,2,3,2,3,2,2,2,1
300905,2,1,2,3,3,1,3,3
300906,1,3,3,3,3,2,3,3
300907,2,1,1,3,2,2,2,1
300908,2,2,2,3,3,3,2,1
300909,1,1,3,2,2,3,1,1
300912,1,3,2,3,3,3,3,2
300913,1,2,1,3,1,2,2,1
300914,1,2,2,3,3,3,3,1
300915,2,2,3,3,2,2,3,3
300916,1,2,3,3,3,2,3,1
300918,1,2,3,3,3,3,2,1
300919,1,3,3,3,3,2,2,1
300920,1,1,3,2,2,2,2,1
301001,1,3,2,2,1,1,2,3
301002,2,2,1,3,1,1,2,1
301003,1,2,3,2,3,3,3,3
301004,1,3,3,3,3,3,2,2
301006,2,1,2,3,2,3,1,1
301007,2,3,3,3,2,3,3,3
301008,1,1,1,3, , , , 
301009,2,3,3,3,2,3,3,1
301010,1,3,3,3,2,2,2,1
301103,2,2,2,3,3,2,2,3
301104,2,2,3,3,2,3,2,1
301105,1,3,3,2,1,2,2,1
301106,1,2,3,3,2,3,2,2
301108,2,2,3,3, , , , 
301110,2,2,3,3, , , , 
301111,2,2,2,2,2,3,2,1
301113,1,2,2,2,1,1,2,1
301114,2,2,1,3,1,1,3,1
301115,1,2,1,2,3,3,2,1
301116,1,3,2,3,3,3,2,1
301118,2,3,2,3,1,1,2,1
301119,1,2,3,1, , , , 
301201,2,2,2,3,1,3,2,1
301202,2,1,2,3,2,3,2,3
301203,1,1,2,3,3,1,2,1
301204,1,2,3,2,1,1,1,1
301207,1,3,3,3,2,3,3,3
301208,1,2,3,3,1,3,2,1
301209,1,1,2,3,2,1,3,1
301210,2,3,3,3,2,2,3,1
301211,1,1,2,3,2,2, , 
301212,2,2,2,3,2,1,2,1
301213,2,2,2,3,3,3,3,3
301214,2,1,1,3,1,2,1,1
301215,2,2,1,3,1,2,2,1
301216,1,2,3,1, , , , 
301217,1,2,1,3,2,1,3,3
301218,1,2,3,3,2,2,2,2
301219,2,3,3,2,2,3,2,2
301220,1,1,2,3,1,2,2,1
301301,1,3,3,3,3,3,3,2
301303,1,1,1,3,1,3,2,1
301305,1,2,2,2,3,1,3,3
301306,1,3,3,3,3,3,3,3
301308,1,2,3,3,3,3,3,1
301310,1,2,3,2, , , , 
301311,1,3,1,3,3,3,3,1
301312,2,2,2,2,3,3,2,1
301313,1,3,3,3,3,3,2,1
301314,2,2,3,3,3,3,3,3
301315,2,3,1,3,3,3,3,3
301319,1,3,2,2,3,2,2,1
301320,1,2,2,3,3,3,2,1
301401,1,3,2,3,3,2,3,2
301402,1,2,2,2,2,3,1,1
301403,1,3,1,3,3,3,2,1
301404,1,3,3,3,3,3,3,1
301405,2,1,1,3,2,2,3,2
301406,2,1,2,3,1,1,2,1
301407,1,1,1,3,1,2,3,1
301409,1,1,1,2,2,3,2,1
301410,1,1,2,3,2,2,2,1
301411,1,3,2,3,1,2,3,1
301412,1,1,2,3,3,2,2,1
301413,1,2,3,3,2,2,2,2
301415,1,3,3,3,3,3,3,2
301416,2,3,3,3,3,2,3,2
301417,2,3,3,2,3,1,3,2
301418,2,1,1,3,1,3,3,1
301419,2,1,1,3,3,3,2,1
301501,1, , , , , , , 
301502,1,3,3,3,2,2,2,2
301503,1,2,2,2, , , , 
301504,1,2,3,2,2,1,3,1
301505,1,2,3,3,2,2,2,2
301506,1,2,2,1,2,2,3,1
301507,1,3,3,3, ,3,2,1
301508,2,3,2,2,3,2,2,2
301509,1,2,2,3,1,3,2,1
301510,1,1,2,3,2,2,2,1
301512,2,2,1,2,2,1,2,1
301513,1, , , , , , , 
301515,1,3,1,3,3,3,2,2
301518,1,3,1,2,1,2,3,3
301519,1,2,1,3,2,3,2,2
301520,1,3,3,3,2,2,2,1
301601,1,1,1,1, , , , 
301602,1,1,1,3,3,3,3,1
301603,2,3,3,3,2,2,2,2
301604,1,3,3,3,3,3,3,2
301605,1,3,2,3,3,3,2,1
301607,1,1,1,3,2,1,3,1
301608,1,3,2,3,2,1,3,1
301610,1,3,3,3,3,3,3,1
301612,1,2,3,3,2,2,3,2
301613,2,1,3,3,1,1,3,1
301614,1,2,3,2,1,1,2,1
301616,1,2,3,3,3,3,3,1
301617, ,1,1,3,3,3, , 
301618,2,2,1,3,3,3,3,1
301703,1,3,1,2,2,3,2,1
301704,2,2,3,3,2,2,2,2
301705,1,1,2,3,2,3,2,1
301706,1,3,1,2,2,2,2,1
301707,1,3,3,1,2,3,2,1
301708,2,2,2,1,2,3,2,3
301709,1,3,3,3,1,2,3,1
301710,1,2,1,3,1,3,2,1
301711,1,2,3,1,1,2,2,1
301712,1,2,3,3,2,2,3,3
301713,1,1,1,2,2,2,3,1
301714,2,2,2,3,1,3,3,1
301715,2,2,2,2,3,3,3,2
301716,2,2,1,2,1,1,2,1
301717,1,2,3,3,2,2,3,2
301718,1,3,3,3,3,3,3,2
301721,2,2,3,3,2,1,3,2
301722,2,2,1,2,1,2,2,1
301723,2,1,3,3,3,1,2,1
301724,1,2,3,3,2,2,2,2
301801,1,3,3,3,1,1,3,1
301802,1,1,2,3,1,2,3,1
301803,2,3,3,3,3,3,2,1
301804,1,1,3,3,1,1,2,1
301805,1,3,1,1,3,3,3,1
301807,1,2,1,3,2,3,3,1
301808,1,3,2,2,1,3,2,1
301809,1,2,3,1,3,3,3,1
301810,2,1,3,3,3,2,2,1
301811,1,2,1,3,2,3,2,2
301812,1,2,2,2,3,2,3,1
301813,2,2,1,3,3,2,2,1
301814,1,2,2,3,2,3,2,2
301815,1,2,2,3,1,3,2,1
301816,1,2,2,2,2,1,2,1
301817,1,2,3,3,1,1,3,1
301818,2,3,3,3,2,2,2,1
301819,1,2,1,3,3,2,3,1
301820,2,2,2,3,2,2,2,1
301901,2,3,3,2,2,3,3,2
301902,1,2,2,2,1,3,2,1
301903,2,2,2,3,2,1,2,1
301904,1,2,1,3,2,2,2,1
301905,1,2,2,2,2,2, , 
301906,1,2,1,3,3,3,2,1
301907,1,2,3,2,2,3,2,1
301908,1,1,1,3,3,3,3,3
301909,2,3,3,1,1,2,3,1
301910,1,3,3,3,2,3,3,1
301911,1,3,2,3,2,3,3,1
301912,1,2,1,3,1,1,2,1
301913,2,2,3,2,2,3,2,2
301914,2,2,2,3,2,2,2,1
301915,1,2,3,3,3,3,1,1
301916,1,3,3,3,2,2,2,2
301917,1,3,3,2,2,3,1,1
301918,1,2,1,3,2,1,2,1
301919,1,3,1,3,1,2,2,1
301920,1,2,1,3,2,2,2,1
302001,1,3,3,1,3,1,3,1
302002,2,1,1,2,1,1,1,1
302003,1,2,3,3,2,2,3,1
302004,1,2,1,3,1,1,1,1
302005,1,2,1,2,1,2,2,1
302006,1,1,1,3,1,2,3,1
302007,1,3,3,3,2,3,2,1
302008,1,3,3,3,3,3,3,1
302009,1,2,3,1,1,2,2,1
302010,2,2,1,2,3,3,1,1
302011,1,2,2,2,2,2,2,1
302012,1,1,1,3,2,3,2,1
302014,1,3,1,3,2,1,1,2
302015,1,2,2,2,2,2,2,2
302016,1,3,2,3,2,2,2,1
302017,1,3,3,3,2,2,2,1
302018,1,2,2,2,1,2,3,1
302019,2,3,2,3,1,3,3,3
302020,1,1,3,3,1,2,1,1
302102,1,2,2,3,2,3,2,1
302103,1,1,1,1,1,1,1,1
302104,1,3,2,3,2,2,2,2
302105,2,2,2,3,2,2,2,1
302106,2,3,3,3,2,2,3,1
302107,2,3,3,3,3,2,3,1
302108,1,3,3,3,2,3,3,1
302109,1,3,3,3,2,2,2,1
302110,2,1,3,3,1,1,3,1
302112,2,1,3,3,3,3,2,2
302113,2,1,3,3,1,2,3,1
302114,1,2,3,3,2,2,3,1
302115,1,2,3,2,2,2,2,1
302116,2,1,3,1,1,2, , 
302118,1,2,3,2,2,3,3,2
302120,1,3,2,2,1,1,2,1
302201,2,3,3,3,3,1,3,1
302202,1,1,3,3,1,3,3,1
302203,1,3,3,3,3,3,2,3
302204,1,2,3,2,3,3,3,1
302205,1,2,2,3,2,2,2,3
302206,1,1,1,2, , , , 
302207,1,3,3,3,3,3,2,1
302209,2,3,3,2,2,3,2,1
302210,1,2,3,3,2,2,2,1
302211,2,3,3,3,2,3,3,1
302301,1,2,3,3,2,3,2,1
302302,2,3,3,3,2,2,3,1
302303,2,3,3,3,2,3,2,1
302304,1,3,2,3,2,3,3,1
302305,2,3,3,3,3,3,3,3
302306,1,3,3,3, , , , 
302307,2,2,3,3,2,2,2,3
302308,1,3,3,3,3,2,2,2
302309,1,3,1,3,3,3,3,3
302310,1,3,3,3,2,3,3,1
302311,2,3,3,3,1,1,3,3
302312,1,3,3,3,3,3,3,1
302313,1,3,1,2,3,3,3,2
302314,2,3,2,3,3,3,3,3
302315,2,3,2,3,3,3,3,2
302316,2,2,3,3,3,2,3,1
302317,1,3,3,3,2,2,3,2
302318,1,3,3,3,3,3,3,1
302319,1,3,3,3,3,3,3,1
302320,2,3,2,2,3,2,3,3
302403,1,3,1,2,3,3,3,1
302404,1,2,3,2,1,2,2,1
302408,1,3,3,3,2,3,3,2
302410,1,2,1,3,2,3,3,1
302411,2,3,3,3,3,2,3,3
302413,1,2,2,2,1,1,3,2
302414,2,1,1,3,1,2,2,2
302415,2,1,2,2,1,2,2,3
302418,2,3,3,3,2,3,2,2
302419,1,3,3,2,2,3,3,1
302501,2,2,2,2,2,2,3,2
302504,1,1,1,3, ,1,2,1
302505,2,2,2,3,2,3,3,2
302506,1,2,1,3,3,3,2,1
302507,2,1,2,3,3,3,3,2
302508,2,2,1,3, , , , 
302509,2,2,2,2,2,3,1,3
302510,1,1,1,2,3,3,2,1
302511,1,2,3,2,1,3,2,1
302512,1,2,3,2, , , , 
302513,1,1,2,3,2,2,3,1
302514,2,2,2,3,2,2,2,3
302515,1,1,1,3,3,2,3,2
302516,1,2,2,3,2,2,3,1
302517,1,1,3,3,3,1,3,1
302520,2,1,2,3,3,3,2,1
302601,2,1,1,3,3,2,1,1
302602,1,1,2,2, , , , 
302604,1,3,2,2,3,3,2,1
302605,1,2,1,2,2,2,3,1
302606,1,3,3,3,3,2,2,3
302607,1,1,1,3, , , , 
302701,1,1,1,3,2,3,3,1
302702,1,3,3,3,3,3,2,2
302703,1,3,3,3,3,3,3,2
302704,1,3,3,3,3,3,3,1
302705,1,2,1,2,2,3,3,1
302706,2,2,1,1,2,2,3,1
302707,2,1,1,2,2,3,3,1
302708,2,3,1,3,2,2,3,1
302709,1,3,3,3, , , , 
302710,1,3,3,3,2,1,3,1
302711,2,2,3,3, , , , 
302712,1, , , , , , , 
302713,1,3,2,2,3,3,3,1
302714,2,2,1,3,2,3,3,1
302715,1,3,3,2,1,3,2,1
302716,1,2,3,3, , , , 
302717,1,1,2,3,3,3,3,1
302718,2,2,2,3,3,3,2,1
302719,2,3,3,3,2,2,3,2
302720,2,2,3,3,3,2,3,2
302801,1,2,2,3,3,3,3,1
302802,1,3,2,3,1,3,3,3
302803,1,3,2,3, , , , 
302804,1,3,2,3,3,3,2,1
302805,1,2,2,3,1,2,3,1
302806,2,2,2,3,2,3,3,2
302807,2,3,3,3, , , , 
302808,1,2,2,3, , ,2,1
302809,1,3,1,2,2,1,3,1
302901,1,2,2,3,1,2,2,2
302902,1,2,2,2,1,2,2,2
302903,2,2,2,2, , , , 
302904,1,3,2,3,2,1,2,1
302906,2,3,3,3,1,2,3,3
302907,1,1,1,3,1,3,3,2
302908,1,2,3,3,2,2,3,3
302909,2,2,3,3,3,2,3,2
302910,2,2,2,3,3,3,2,2
302911,1,2,2,3,1,1,3,1
302913,1,2,2,3,1,2,2,2
303001,1,2,3,3,2,2,2,1
303002,1,3,2,2,2,3,3,2
303003,1,3,2,3, , , , 
303004,1,2,3,3,3,1,2,1
303005,1,2,3,2,2,1,1,1
303006,1,3,3,3,3,3,3,3
303007,1,2,2,3,3,3,1,1
303008,1,3,3,3,2,2,2,3
303009,1,1,3,2,2,3,3,1
303010,1,3,3,3,3,3,3,1
303011,1,3,3,3,3,3,2,1
303012,2,2,3,3,2,2,3,2
303014,1,2,1,3,2,2,2,1
303015,1,3,1,3,3,3,1,1
303016,1,2,1,3,3,2,2,1
303017,1,1,1,3,2,2,3,2
303018,1,3,3,3,3,3,3,1
303019,1,2,2,3,2,3,2,1
303020,2,2,3,3,2,3, , 
303101,1,2,1,3,2,2,3,1
303102,1,2,2,2,3,1,3,1
303103,1,3,2,3,1,1,3,1
303104,2,2,1,3,2,3,2,1
303105,2,3,3,3,2,3,3,1
303106,1,3,1,3,3,2,3,1
303107,2,3,2,3,2,1,2,1
303108,1,1,2,3,3,2,3,2
303109,1,1,2,3,3,3,3,1
303110,1,3,2,2,1,2,3,1
303111,1,3,3,3,2,3,3,1
303112,1,2,2,3,2,3,1,1
303113,2,3,3,3,1,2,3,1
303114,1,3,3,3,3,3,3,1
303115,1,3,2,3,2,2,2,1
303116,1,3,3,2,1,2,3,1
303117,2,3,2,3, , , , 
303118,2,3,3,3,2,3,3,1
303119,1,2,2,3,2,2,2,1
303120,1,3,3,3,1,3,3,1
303201,1,1,3,3,1,1,3,1
303204,1,3,3,3,3,1,2,1
303205,1,2,2,3,1,2,1,1
303206,1,3,2,3, , , , 
303207,1,2,1,3,2,2,2,1
303208,2,2,2,3,2,1,2,1
303209,1,2,2,3,2,2,2,1
303210,2,1,3,3,1,2, , 
303211,1,3,3,2,2,3,2,2
303212,2,2,3,3,3,3,2,1
303213,1,3,3,2,1,2,2,2
303214,2,3,1,2,2,3,2,2
303215,2,2,3,2,2,1,1,2
303216,2,2,2,3,2,3,2,3
303218,1,3,3,3,1,2,2,1
303219,1,3,3,3,3,3,3,1
303220,1,2,2,3,1,3,2,1
303301,1,2,1,3,2,2,3,1
303302,1,3,3,3, , , , 
303303,2,3,3,3,3,2,3,2
303304,1,2,2,3,1,2,1,1
303305,1,2,1,3,2,2,3,1
303306,1,2,3,3,2,3,2,1
303307,1,3,3,3,3,2,1,1
303308,1,3,3,3,3,2,3,1
303309,1,3,3,3,2,2,2,1
303310,2,3,3,3,1,1,3,2
303311,1,3,3,3,2,1,2,1
303312,1, , , , , , , 
303314,1,1,1,3,1,2,2,1
303315,2,3,3,3,2,3,2,1
303316,2,2,1,3, , , , 
303317,2,3,3,3,3,3,2,1
303318,1,2,2,3,2,3,3,1
303319,1, , , , , , , 
303320,1,3,3,3,3,1,1,1
303402,1,3,1,3,3,2,3,2
303403,2,2,1,2,2,2,2,1
303404,2,3,1,3,3,3,3,1
303405,1,1,3,3,2,3,3,1
303406,1,3,2,3,3,1, , 
303407,2,3,1,3,3,3,3,2
303409,2,2,2,3,2,2,3,1
303410,1, , , , , , , 
303412,2,3,1,3,3,2,3,1
303501,2,2,3,3,2,2,2,1
303502,1,3,3,3,2,2,2,1
303504,1,2,2,2,2,1,2,1
303505,1,2,2,2,2,3, , 
303507,1,3,3,3, , , , 
303509,2,3,1,3,3,2,3,1
303511,1,2,1,3,2,3,2,1
303512,1,1,2,3,1,3,2,1
303513,2,3,1,3,2,3,3,2
303514,2,3,3,3,1,1,3,1
303515,1,1,1,3,2,1,3,1
303516,1,3,3,3,2,3,3,1
303517,2,3,3,2,2,1,3,1
303518,1,3,3,3, , , , 
303519,1,2,3,2,1,3,2,1
303520,1,2,2,3,2,2,3,3
303521,1,3,1,3,2,3,3,1
303522,1,3,3,3,2,2,2,1
303601,1,2,2,3,2,2,3,1
303602,2,3,3,3,3,3,3,1
303603,1,2,3,3,2,3,2,2
303606,1,1,1,3,3,3,2,1
303607,1,2,3,3,3,3,2,1
303608,2,2,2,3,2,2,3,2
303610,2,2,2,3,3,1,3,1
303611,1,3,2,3,2,2,2,1
303612,2,3,3,3,2,2,2,3
303614,1,3,3,3,2,2,3,2
303615,2,2,3,3, , , , 
303616,2,3,3,3,2,1,2,2
303617,1,1,2,3,3,3,1,1
303618,2,2,3,1,2,3,3,3
303620,2,2,2,3,2,1,1,2
303701,2,2,1,3,3,2,3,1
303702,1,1,2,2,1,1,2,2
303703,1,2,2,2,1,3,2,2
303704,1,2,3,3,3,3,3,2
303705,1,3,3,3,2,2,3,1
303706,1,2,1,3,1,1,2,1
303707,2,3,2,3,2,3,3,2
303708,1,2,2,2,2,3,3,1
303709,2,2,3,3,3,2,3,3
303710,1,2,3,3,3,1,3,1
303801,2,2,2,1,2,1,2,1
303802,1,3,3,2,3,3,3,2
303803,1,1,1,3,1,2,3,1
303804,2,2,2,2,1,3,3,2
303806,1,2,2,3,2,3,2,1
303807,2,3,3,2,1,1,2,1
303808,1,1,2,2,3,1,3,1
303809,1,2,1,2,2,1,3,1
303810,2,2,2,2,1,3,3,1
303811,2,3,2,3,2,2,3,2
303812,2,2,2,3,2,2,3,1
303813,2,3,1,3,2,2,2,1
303814,1,3,3,2,2,2,2,1
303815,1,3,2,3,1,3,2,1
303816,1,3,3,3,2,2,2,2
303817,1,3,3,3,2,2,2,1
303818,1,2,2,3,1,2,2,3
303819,1,3,3,3,3,2,2,2
303820,2,1,1,3,1,3,2,2
303821,1,2,2,3,2,2,2,1
303822,1,3,3,3,1,2,2,1
303901,2,2,2,3,2,3,1,3
303902,1,2,3,3,2,2,2,1
303903,2,2,1,3,3,3,2,3
303904,2,2,3,2,2,2,2,2
303905,2,3,2,3,3,3,3,1
303906,2,2,3,3,1,2,2,2
303907,1,2,3,3,2,2,3,2
303908,1,2,1,3,2,3,3,1
303909,1,3,3,3,2,2,2,1
303910,1,2,3,3,3,3,3,2
303911,1,2,3,3,2,2,2,1
303912,2,2,2,2,1,2,2,1
303914,1,1,2,3,1,1,3,2
303915,1,3,3,3,1,1, , 
303916,1,3,3,3,3,3,2,1
303917,1,2,3,3,3,2,2,1
304001,2,3,3,2,2,3,1,1
304002,2,1,2,2,2,2,3,1
304003,2,3,3,3,2,2,3,2
304004,2,3,3,2,1,3,2,1
304005,1,3,3,3,2,3,3,1
304006,1,1,2,3,2,1,3,2
304007,1,3,2,3,2,2,3,2
304008,2,1,3,3,3,3,3,3
304009,1,1,1,3,3,3,2,1
304010,2,1,1,3,3,1,3,3
304011,2,1,2,2,2,1,2,1
304012,2,2,2,3,3,1,3,1
304013,1,3,3,3,3,3,3,2
304014,2,3,2,3,2,2,2,3
304015,2,2,1,2,2,1,3,3
304016,1,3,2,3,3,3,3,3
304101,2,1,1,3,1,2,2,1
304103,1,2,2,3, , , , 
304104,2,2,2,3,3,3,2,3
304105,2,1,2,3,3,2,2,1
304106,1,2,2,3,1,1,2,1
304107,1,2,3,3, , , , 
304108,1,3,3,3, , , , 
304109,1,3,3,3, , , , 
304113,1,2,2,2,3,3,2,1
304114,1,2,1,3,2,2,2,1
304117,1,2,2,2,1,1,1,1
304119,2,1,3,3,3,2,2,3
304120,2,2,2,2,2,2,2,1
304201,1,3,3,3,2,2,2,2
304202,2,3,3,3,2,2,2,2
304203,2,1,3,2,2,2,1,1
304205,1,1,2,3,3,2,2,1
304207,1,3,3,2,2,3,2,1
304208,1, , , , , , , 
304209,1,3,3,3,1,2,2,1
304212,1,1,1,3,1,1,2,1
304216,1,2,3,3,3,2,1,1
304217,2,1,1,3,3,3,3,1
304218,1,1,1,3,3,3,3,1
304219,2,1,3,3,3,2,2,2
304220,1,3,1,2,1,1,2,1
304221,1,3,3,3,1,2,2,1
304223,2,3,3,3, , , , 
304224,2,3,3,3,2,3,3,2
304225,1,2,1,3, , , , 
304301,2,3,2,1,2,3,2,1
304302,1,2,1,3,1,2,3,1
304303,1,2,1,3,1,2,2,3
304304,1,3,2,2,1,2,2,1
304305,1,2,1,3,1,2,2,2
304306,1,3,2,3,1,3,3,1
304307,1,1,1,3,1,2,2,1
304308,2,3,3,3,1,2,2,2
304309,1,2,2,3,2,3,2,2
304310,1,3,3,3,3,3,3,1
304311,1,2,3,2,2,2,2,1
304312,1,3,3,3,2,3,3,1
304313,1,3,3,3,2,3,2,1
304314,2,2,2,3,3,3,2,1
304315,1,1,1,3,1,1,1,1
304316,1,3,1,3,2,2,2,1
304317,1,3,3,3,3,3,3,2
304318,1,3,2,3,3,3,2,1
304319,2,1,3,1,1,2,1,2
304320,2,2,1,3, , , , 
304401,1,3,3,3,3,1,3,1
304402,1,2,3,3,3,2,3,2
304403,2,1,1,2,2,3,2,1
304404,2,1,2,3,3,2,3,2
304405,1,3,3,3,3,2,2,2
304406,1,3,3,3,1,1,3,1
304407,1,3,1,3,3,3,3,1
304408,1,2,3,3, , ,2,1
304409,1,2,3,2,1,2,3,1
304410,1,2,2,3,3,3,3,2
304411,2,1,2,3,2,2,3,2
304502,1,2,2,3, , , , 
304503,1,3,1,3,2,3,3,2
304504,1,3,2,1,2,3,3,2
304505,1,3,3,3,3,3,3,2
304506,2,3,1,2,3,3,2,1
304507,1,3,3,3,3,3,3,2
304509,1,3,3,2,2,2,2,1
304511,1,1,1,3,2,3,2,2
304512,1,3,3,3,3,3,2,1
304513,1,1,3,3,3,3,1,1
304514,1,3,3,3,2,3,3,2
304515,1,2,3,2,1,3,2,1
304519,1,2,1,3,2,3,3,3
304520,1,3,2,3,2,2,1,2
304602,1,3,2,3,2,2,2,2
304603,1,3,3,3,3,3,3,3
304604,1,3,1,3,1,2,3,1
304605,2, , , , , , , 
304607,2,2,2,2,2,2,2,1
304608,1,1,1,3,2,2,3,1
304610,1,2,1,3,3,3,3,1
304611,1,2,2,3,2,2,2,2
304612,2,2,2,2,2,3,2,2
304613,1,1,1,3,3,3,2,1
304614,2,3,2,3,3,3,2,1
304615,1, , , , , , , 
304616,1,3,1,3,3,3,3,1
304701,1,2,2,3,3,1,3,2
304702,1,2,1,2,3,3,2,1
304703,1,2,2,2,3,2,2,1
304704,2,3,3,3,2,2,2,2
304705,1,3,2,3,1,2,2,2
304706,2,2,2,3,1,2,3,1
304707,1,2,1,3,3,1,2,1
304708,1,3,3,3, , , , 
304709,1,2,2,3,2,3,3,1
304710,2,3,1,3,1,2,2,1
304711,2,2,2,2,3,3, , 
304712,2,2,3,3,2,2,2,2
304713,1,3,1,3,3,3,2,1
304714,1,2,3,2,1,2,2,1
304715,2,2,3,3,2,3,3,1
304716,2,3,3,3,3,1,2,2
304717,1,3,2,2,2,3,3,1
304718,1,2,3,3,2,3,2,1
304719,2,2,2,3,2,3,1,2
304720,1,3,3,3,2,2,2,3
304801,1,3,3,2,2,3,3,2
304802,2,2,2,2,3,3,2,2
304803,1,3,3,3,3,3,3,1
304804,1,3,2,3,2,2,2,1
304805,1,3,3,3,3,3,2,1
304806,1,1,1,3,1,1,3,1
304807,1,3,2,3,3,2,2,3
304808,2,1,2,2,1,2,3,1
304809,1,3,3,3,1,2,2,1
304810,1,1,1,3,1,3,1,1
304811,1,3,1,3,3,3,2,1
304812,1,3,2,2,3,3,3,1
304813,1,2,1,1,2,3,2,1
304814,1,2,3,2,2,1,1,1
304815,2,2,3,3,3,1,1,1
304816,2,3,3,3,2,3,3,1
304817,2,3,3,3,2,3,2,1
304818,1,3,3,2,2,2,3,2
304819,1,2,3,2,3,2,3,2
304820,1,2,2,3,2,3,3,1
304901,1,3,3,2,1,2,2,1
304902,1,2,2,3,3,3,2,2
304903,1,3,1,1,2,2,2,1
304904,1,2,2,3,2,1,2,1
304905,1,3,2,3,1,1,3,2
304906,1,3,3,3,2,2,2,1
304907,2,2,1,3,1,3,2,1
304908,1,2,2,3,1,2,2,1
304909,1,3,3,3,3,2,3,1
304910,1,2,3,3,3,2,2,1
304911,2,3,2,2,1,2,2,2
304912,1,2,2,3,3,3,3,2
304913,2,3,1,1,1,2,3,1
304914,1,2,2,2,3,1,2,2
304915,1,2,2,3,3,3,3,3
304916,1,2,2,1,2,3,2,1
304917,1,1,2,3,2,2,2,1
304918,1,2,1,3,3,2,3,2
304919,1,2,1,3,3,2,2,1
304920,1,2,3,3, , , , 
305001,1,3,3,3,2,3,2,1
305002,2,3,3,2,1,1,2,1
305003,1,2,3,3,2,2,2,1
305004,1,3,3,3,3,3,3,1
305005,1,2,2,3,1,2,2,1
305006,2,2,2,3,1,2,2,1
305007,1,2,1,3,2,3,3,1
305008,1,1,1,3,1,2,2,1
305009,2,2,1,3,3,3,3,1
305010,1,1,2,3,3,1,2,1
305011,1,3,3,2,1,2,3,1
305012,2,1,1,3,2,3,1,1
305013,1,2,3,3,2,3,2,1
305014,1,2,1,3,3,2,3,1
305015,1,2,2,3,2,1,3,2
305016,2,2,2,2,2,3,3,1
305017,1,3,2,1,1,2,2,1
305018,1,2,2,3,2,2,2,1
305019,1,3,3,3,3,3,3,3
305020,2,1,2,2,1,1,2,1
305021,1,2,2,2,2,2,3,1
305022,1,2,1,3,2,2,3,1
305101,1,2,3,3,2,2,3,3
305102,1,3,3,3,2,1,2,1
305103,1,3,3,3,2,1,3,2
305104,1,2,2,3,3,3,3,1
305105,1,3,3,2,3,2,3,1
305106,1,2,3,3,2,2,3,2
305107,1,1,2,3,1,3,3,1
305108,1,2,1,3,2,3,2,1
305109,1,3,3,3,3,3,2,1
305110,1,3,3,3,2,2,2,1
305111,1,2,1,2,1,1,2,1
305112,2,3,3,3,2,3,3,1
305113,1,2,2,3,3,3,3,2
305114,1,2,3,3,1,3,3,1
305115,1,2,3,3,2,2,3,1
305116,2,3,3,3,3,3,3,3
305117,2,3,3,3,2,2,2,1
305201,1,2,1,3,2,3,3,2
305202,1,1,2,2,2,2,3,1
305203,1,3,3,3,2,3,3,2
305204,1,1,3,3,1,2,3,1
305205,1,2,3,2,1,2,3,1
305206,2,3,3,3,2,2,2,2
305207,2,3,2,3,2,3,3,2
305208,1,2,2,3,2,1,3,1
305301,1,3,3,3,3,3,1,3
305302,2,2,2,3,1,2,2,1
305303,1,1,3,3,3,3,3,1
305304,1,3,3,3,3,3,3,1
305306,1,2,1,3,3,3,3,2
305307,2,1,3,3,3,2,2,1
305308,1,3,2,3,3,3,1,1
305309,2,3,3,3,2,2,3,2
305310,1,3,3,2,3,2,2,1
305311,1,2,1,3,1,1,2,1
305312,1,3,3,3,3,1,1,1
305313,1,3,2,3,3,3,2,2
305314,1,3,3,3,2,1,2,3
305315,1,1,1,3,1,1,2,1
305316,1,3,3,3,1,1,1,1
305318,1,3,1,3,2,3,1,1
305319,1,1,3,3,3,3,1,1
305501,1,2,2,3,2,3,2,1
305502,1,2,2,3,3,3,3,2
305503,1,3,3,3,2,2,3,2
305504,1,3,3,3,2,2,2,2
305505,1,3,3,3,2,3,2,2
305506,2,2,2,2,1,1,2,1
305507,1,3,1,2,2,2,3,1
305508,1,3,1,3, , , , 
305510,1,2,1,3,2,2,3,2
305511,1,3,3,3,2,2,3,3
305512,1, , , , , , , 
305513,1,1,3,3,3,1,3,2
305514,1,3,2,3,2,2,3,2
305515,1,3,3,3,2,2,3,3
305516,2,3,2,3,3,3,3,2
305517,1,2,2,3,3,2,2,1
305518,1,3,2,3,2,3,2,1
305519,1,3,2,3,2,2,2,1
305520,1,3,2,3,2,2,3,1
305701,2,3,2,3,3,3,3,2
305702,1,2,2,2,2,2,2,1
305703,2,2,2,2,2,3,3,1
305704,2,2,2,3,2,1,3,2
305705,1,3,2,3,3,2,2,1
305706,2,2,1,3,2,2,3,2
305707,1,3,3,3,3,2,3,1
305708,1,2,1,3,2,2,2,2
305709,1,2,2,3,2,2,3,1
305710,1,2,3,2,3,1,3,1
305711,2,2,3,2,2,2,2,1
305801,1,3,3,3,3,3,3,1
305802,1,3,3,3,2,3,2,3
305803,1,3,3,3,3,3,2,1
305804,2,3,3,3,3,3,3,3
305805,1,2,2,3,3,2,3,3
305806,1,3,3,3,3,3,3,1
305807,1,3,3,3,2,2,3,3
305808,2,3,3,3,3,3,3,3
305809,2,1,3,1,2,2,3,2
305810,2,2,3,2,1,2,2,1
305811,2,3,3,3,3,3,3,1
305812,2,2,3,3,3,1,3,1
305813,1,3,3,3,2,2,2,1
305814,1,2,2,2,1,3,2,1
305815,1,2,2,3,3,3,3,2
305816,1,3,2,3,2,3,3,3
305817,1,3,3,3,3,3,3,2
305818,1,3,3,3,3,3,2,1
305819,2,2,1,3,1,2,3,2
305820,1,2,2,3,2,2,1,1
305901,1,3,1,3,3,2,3,1
305902,1,1,1,3,3,3,3,3
306001,1,3,3,3,3,3,2,2
306002,1,3,2,3,1,3,1,1
306003,2,2,1,3,2,3,2,1
306005,2,2,3,2,1,2,2,1
306007,2, , , , , , , 
306008,1,2,1,2,2,2,2,1
306009,1,2,1,3,2,2,2,2
306010,1,1,3,3,2,2, , 
306011,2,2,2,1,1,3,2,2
306012,1,3,1,3,2,2,2,1
306013,1,3,3,2,1,2,1,1
306015,1, , , , , , , 
306016,1,2,2,3,2,3,3,1
306018,1,2,1,3, , , , 
306101,1,2,2,3,2,1,3,1
306102,1,3,3,3,2,3,3,1
306103,2,1,3,3,2,1,2,1
306104,1,2,2,3,3,3,3,1
306105,1,2,3,2,2,2,2,1
306106,1,3,3,2,3,2,3,1
306107,1,2,2,2,2,2,3,1
306108,2,2,1,2,2,2,3,1
306109,1,2,2,3,1,3,2,1
306110,1, , , , , , , 
306111,1,2,3,3,3,2,2,1
306112,2,3,3,2,1,1,2,1
306113,2,3,3,3,1,2,3,3
306114,1,2,2,3,2,1,3,1
306115,1,1,2,3,3,3,3,2
306116,1,3,2,3,2,2,3,1
306117,1,2,2,3,2,2,1,1
306118,2,2,3,3, , , , 
306119,1,1,1,3,3,3,3,2
306120,2,1,1,1,3,3,3,3
306201,1,2,2,3,1,2,2,2
306202,1,2,2,3,2,3,3,1
306203,1,3,1,3,3,3,3,3
306204,1,2,3,3,1,2,2,1
306205,1,2,2,3,2,1,2,1
306206,2,3,1,3,2,2,3,3
306207,1,2,3,3,1,1,2,2
306208,2,2,1,3,2,2,2,1
306209,1,2,1,3,2,2,2,1
306210,2,3,2,1,2,2,3,1
306211,2,2,1,3,3,3,1,1
306212,2,2,2,3,1,3,2,1
306213,2,2,2,3,1,2,3,2
306214,2,2,3,3,3,1,2,1
306215,2,1,1,2,1,3,2,1
306216,2,2,2,3,1,3,2,3
306217,2,1,1,3,2,2,2,1
306218,1,1,1,3,3,3,2,1
306219,2,2,3,3,1,3,2,1
306220,1,3,3,3,2,3,3,1
306301,1,3,3,3,1,2,2,1
306302,1,3,3,1, , , , 
306304,1,2,2,3,2,2,3,1
306305,2,3,3,3,2,2,1,1
306306,1,3,3,2,3,3,3,1
306307,1,2,1,2,2,2,2,1
306308,1,1,1,3, , , , 
306309,2,2,2,3,1,2,2,1
306310,1, ,3,3,3,2,3,2
306311,2,3,2,2,2,2,2,2
306313,1,2,2,3,3,3,3,2
306314,1,1,1,3,3,3,2,3
306315,1,3,3,3,2,3,2,1
306316,2,1,2,2,2,2,2,1
306317,2,1,2,3,3,1,3,1
306319,2,3,3,3,2,3,2,1
306401,2,3,1,1,1,3,3,1
306402,2,2,1,3,2,3,2,1
306403,1,3,3,3,2,2, , 
306404,2,3,2,3,1,2,2,2
306405,2,2,2,3,2,3,3,1
306406,2,3,2,3,2,2,2,3
306408,2,1,1,3,2,3,3,1
306409,2,3,2,3,2,3,2,1
306410,1,3,3,3,2,3,3,1
306411,1,2,1,3,2,3,3,1
306412,1,2,2,3,1,2,3,1
306501,1,2,3,3,2,2,2,2
306502,2,3,2,3,1,1,1,1
306503,1,3,2,3,2,1,3,1
306504,1,2,2,3,2,2,2,2
306505,2,2,2,3,1,1,2,3
306506,1,2,2,3,2,2,2,2
306507,2,3,3,3,3,3,3,2
306508,1,1,3,3,2,2,3,3
306509,2,2,2,2,2,2,2,2
306510,1,3,3,3,3,3,2,1
306511,1,3,3,3,2,2,3,1
306512,2,2,2,3,3,2,2,2
306513,1,3,2,2,2,2,2,2
306514,1,3,3,3,1,2,2,1
306515, ,2,2,3,1,2,2,1
306517,1,1,3,3, , , , 
306518,1,3,3,3,2,2,2,2
306519,1,3,3,3,1,2,2,2
306520,2,2,3,3,2,3,2,1
306601,2,2,3,3,1,2,2,1
306602,2,2,3,3,3,1,3,2
306603,1,1,2,3,3,3,2,1
306604,1,2,3,3,2,2,3,1
306605,1,2,2,2,2,2,2,2
306606,1,2,1,3,2,2,2,1
306607,2,2,2,3,2,2,2,1
306608,2,3,1,3,1,1,2,1
306610,2,3,1,2,3,3,2,1
306611,1,1,1,3,2,3,2,1
306612,1, , , , , , , 
306613,1,3,3,3,3,3,3,1
306614,1,1,1,3,3,3,3,1
306615,1,1,2,3,2,1,2,1
306617,1,1,1,3,1,2,2,1
306619,2,3,1,2,2,1,2,2
306620,2,2,2,2,1,1,2,1
306702,1,2,3,2,3,3,2,3
306703,1,3,3,2,2,1,2,1
306704,1,2,2,3,2,3,2,1
306705,1,3,2,3,3,3,2,2
306706,1,3,3,3, , , , 
306707,2,3,3,3,1,1,1,1
306708,1,2,2,3,2,3,1,1
306709,1,2,2,3,2,3,2,1
306710,1,3,3,3,3,2,3,1
306711,1,1,1,3,3,3,3,1
306712,2,2,2,3,2,3,1,1
306713,1,3,2,3,3,3,3,2
306714,2,3,1,3,1,2,2,1
306717,2,3,3,3,2,1,1,1
306718,1,2,3,3,1,2,1,1
306719,1,2,3,3,2,2,2,1
306720,1,1,2,3,3,1,1,1
306801,2,1,1,3,2,3,2,1
306802,2,2,3,2,2,2,2,1
306803,2,3,3,3,2,2,3,1
306804,1,1,1,3,2,2,2,1
306805,1,2,1,3,2,2,3,1
306806,2,3,2,3,3,3,3,2
306807,1,1,2,3,1,1,2,1
306808,1,2,3,3,3,3,1,1
306809,1,2,3,3,3,3,2,3
306810,1,3,3,1,1,2,1,1
306811,1,3,2,3,2,2,3,1
306812,1,2,2,3,3,3,3,1
306813,1,1,1,3,3,2,3,1
306815,1,2,1,3,1,2,3,1
306816,1,3,3,3,2,2,2,1
306817,1,1,1,3,2,2,2,2
306818,1,1,3,3,2,2,2,2
306819,1,2,2,3,3,3,3,1
306820,2,2,2,2,2,2,2,2
306901,2,3,2,3,2,3,3,2
306902,1,3,3,3,2,2,2,1
306903,2,3,3,3,3,3,3,3
306905,1,1,1,3,1,2,3,1
306910,1,2,1,3,3,3,3,1
306911,1,2,1,3,3,3,2,2
306912,2,3,3,3,3,2,3,3
306913,2,3,3,3,3,2,3,1
306914,1,2,3,3, , , , 
306916,1,3,3,3,2,2,3,1
306917,1,2,2,2,3,3,1,1
306918,1,3,3,1,3,3,3,1
306920,2,3,2,2,2,2,2,2
307001,1,3,2,2,2,1,3,1
307002,1,3,3,3,2,2,3,1
307003,1,2,1,3,2,2,2,1
307004,2,1,1,1,2,3,3,2
307005,1,3,3,3,2,2,2,1
307006,1,3,3,2,2,2,2,1
307007,1,3,3,3,3,3,3,1
307008,2,3,3,3,3,3,2,2
307010,1,3,3,3,3,3,3,1
307011,1,1,1,3,1,1,1,1
307012,1,1,3,3, , , , 
307013,1,1,2,3,2,2,3,2
307014,2,2,3,2,1,1,1,2
307015,1,1,1,3,2,2,2,1
307016,1,1,1,3,2,2,2,1
307017,1,2,3,3,2,2,2,1
307018,1,3,2,3,2,3,3,1
307019,2,1,1,3,3,3,2,2
307020,1,2,2,3,3,3,3,2
307201,1,2,3,3,2,2,3,1
307202,2,2,2,2,1,3,2,1
307203,1,3,3,3,2,2,2,2
307204,2,3,2,3,2,2,3,3
307205,1,3,3,3,3,3,3,2
307207,1,2,2,2,2,3,3,2
307208,2,1,1,2,2,2,3,3
307209,1,3,3,2,2,3,3,1
307210,1,3,1,3,2,3,2,1
307211,1,2,2,3,1,2,3,1
307212,1,2,3,1,2,3,3,3
307213,1,1,2,3,2, , , 
307214,2,3,3,2,2,2,3,2
307215,1, , , , , , , 
307216,2,1,1,3,2,2,2,2
307217,2,3,1,1,1,3,1,1
307218,1,3,3,3,3,3,3,3
307219,1,3,3,3,2,1,2,2
307220,1,3,3,3,3,2,3,2
307302,1,3,3,3,1,1,1,1
307304,1,3,3,3, , , , 
307305,1,3,2,2,2,2,1,1
307306,1,3,3,3,2,3,2,2
307307,1,3,3,3,3,3,2,1
307308,1,2,3,2,2,2,1,1
307309,1,3,3,3,1,3,2,1
307310,2,2,1,3,1,2,1,2
307311,2,2,1,3, , , , 
307312,2,3,3,1,2,2,1,1
307313,1,3,3,3,1,2,1,2
307314,1,1,1,3,1,1,2,1
307315,2,3,1,3,3,3,2,2
307316,1,3,2,2,2,3,2,1
307317,1,3,3,3,1,2,1,2
307318,1,3,2,2,2,2, ,1
307319,1,2,1,2,1,2,2,1
307320,1,2,1,3,3,3,2,1
307321,1,2,1,3,2,1,2,1
307322,2,2,1,3,2,2,2,1
307323,1,2,1,3, , , , 
307401,1,1,1,3,2,2,2,2
307402,1,3,1,2,1,2,2,1
307403,1,3,3,3,1,2,2,2
307404,1,3,3,3,2,2,2,1
307405,2,1,1,3,3,1,2,1
307406,1,3,3,3,2,3,2,1
307407,1,3,3,3,3,3,2,1
307408,1,2,1,3,3,3,2,2
307409,1, , , , , , , 
307410,2,2,3,2,2,3,2,1
307411,1,2,2,2,3,3,1,1
307412,1,2,1,3,3,3,3,1
307413,1,2,2,3,3,2,2,2
307414,1,2,2,3,3,3,2,1
307415,1,2,2,2,1,2,2,2
307416,1,2,3,3,1,2,2,1
307417,2,3,3,2,1,1,2,1
307418,1,2,1,3,2,2,1,1
307419,1,3,3,3,2,2,2,1
307420,1,2,2,3,2,3,2,1
307501,1,2,1,3,1,2, ,1
307502,2,2,1,3,1,3,2,1
307503,1,3,2,2,1,3,2,1
307504,2,1,1,3,3,2,3,2
307505,2,3,3,2,2,3,2,2
307506,1,1,1,3,1,2,3,1
307507,1,2,1,3,1,3,2,2
307508,2,2,1,2,2,2,2,1
307509,1, , , , , , , 
307510,2,2,1,3,3,3,3,2
307511,1,3,2,3,2,3,3,1
307512,1,3,2,3,1,2,1,1
307513,1,3,3,3,3,2,2,1
307514,2,2,2,3,3,2,3,1
307515,1,2,1,3,1,3,3,1
307516,1,3,3,3,1,2,2,1
307517,1,2,2,3,2,3,3,1
307518,1,1,2,3,2,2,2,1
307519,1,1,3,3,1,3,2,1
307520,1,3,2,2,1,2,2,1
307601,1,2,3,3,2,3,2,1
307604,1,3,2,3,3,2,3,1
307605,1,2,3,3,3,3,2,1
307607,2,2,1,2,3,2,2,1
307608,2,1,3,3,2,2,3,1
307701,1,3,2,2,1,1,2,1
307702,2,2,2,2,3,3,2,2
307703,1,3,3,3,3,2,2,1
307704,1,2,2,3,2,2,2,1
307705,1,2,2,3,2,3,2,1
307706,1,3,3,3,2,3,3,1
307707,2,3,2,3,2,2,3,2
307708,1,2,3,2,3,2,2,1
307709,1,1,1,3,3,2,3,2
307710,2,3,2,2,1,2,1,1
307711,1,3,1,3,1,2,3,1
307712,1,3,3,3,2,1,2,1
307713,1,3,3,3,3,3,3,2
307714,1,3,3,3,2,2,2,2
307801,1,2,3,2,1,2,2,2
307802,1,3,3,3,2,2,3,3
307803,1,3,3,3,2,3,3,2
307804,1,3,3,3,3,3,3,2
307805,1,3,2,3,3,3,3,1
307806,1,2,1,3,2,1,2,1
307807,1,2,2,3,2,1,3,2
307808,2,2,3,3,1,2,3,1
307809,1,2,1,3,2,2,2,2
307810,1,2,3,3,1,1,1,1
307811,2,3,2,3,3,3,2,1
307812,1,2,1,2,3,1,3,1
307813,2,1,1,3,2,3, ,1
307814,1,2,2,3,3,2,2,2
307815,2,2,1,3,2,3,2,1
307816,1,2,3,2,2,2,2,1
307817,2,3,3,2,1,2,3,1
307818,2,2,2,3,1,3,3,3
307819,2, , , , , , , 
307820,2,3,2,3,3,3,2,1
307901,1,1,2,3,1,1,3,1
307902,2,1,2,3,3,1,2,1
307904,1,3,3,2,2,2,2,2
307905,1,3,2,3,3,3,2,2
307906,1,2,3,3,2,3,2,2
307907,1,3,1,3,2,2,3,2
307908,1,3,3,3,2,2,3,2
308002,1,2,2,3,2,2,2,1
308004,1,3,3,3,2,2,3,1
308005,2,3,3,3,2,2,3,1
308006,1,3,3,3,1,2,2,2
308008,2,2,1,3,3,3, , 
308009,1,3,3,2,3,3,2,1
308010,1,3,3,3,2,3,2,1
308012,1, , , , , , , 
308013,1,1,1,3,2,3,3,2
308014,1,3,1,3,2,2,3,1
308015,1,2,3,2,3,2,3,2
308016,2,3,1,3,3,3,3,1
308017,2,3,2,3,3,3,3,1
308018,1,1,1,3,2,2,3,2
308019,2,3,2,2,3,2,3,2
308101, ,3,3,3,3,3,3,1
308102,1, , , , , , , 
308103,2,3,2,3,1,2,2,1
308104,1,1,1,2,2,1,2,1
308106,2,3,2,3,2,3,2,1
308107,2,3,2,3,1,3,1,1
308108,1,3,3,3,3,3,3,2
308109,1,3,2,2,2,2,3,1
308110,1,3,1,2,2,2,2,1
308111,1,2,3,3, , , , 
308112,1,1,2,3,2,3,3,1
308113,1,3,3,3,3,1,3,1
308114,2,3,1,3,1,3,2,2
308115,1,3,3,2,1,3,3,1
308116,2,2,2,3,3,3,2,1
308117,2,3,3,2,1,1,1,1
308201,2,2,1,2,2,2,2,1
308202,1,3,3,3,3,3,3,3
308203,2,2,1,3,2,2,2,1
308204,1,2,2,2,2,3,2,1
308205,2,1,2,3,1,1,2,1
308206,1,3,3,2,2,1,2,1
308207,2,1,1,2,2,3,3,1
308301,1,3,2,2,1,3,3,2
308303,2,2,1,2,2,1,2,1
308304,2,2,1,2,1,1,3,1
308305,1,2,3,2,3,3,3,3
308307,1,3,3,3,1,2,2,1
308308,2,2,1,3,1,2,2,2
308309,2,3,3,3,2,2,2,1
308310,2,2,1,2,2,1,3,1
308311,2,2,1,3,3,2,3,1
308312,1,2,3,2,3,3,2,1
308313,1,2,2,2,2,2,3,1
308314,1,3,3,3,3,2,2,1
308315,2,3,2,3,3,2,2,1
308316,1,2,1,3,2,2,2,2
308318,1,2,2,3,1,1,2,1
308319,1,3,3,2, , , , 
308320,1,3,3,2,3,1,3,1
308401,1,3,1,3,1,2,2,2
308402,1,2,2,3,1,2,2,1
308403,1,2,2,3,2,1,1,2
308404,1,2,2,2,2,2,2,1
308405,1,3,3,3,1,3,3,2
308406,2,2,2,2,3,3,2,1
308407,2,2,2,3,2,1,2,1
308408,2,3,3,3,2,1,2,1
308409,1,2,2,3,2,2,2,1
308410,1,2,1,3,1,2,2,1
308411,1,2,2,3,2,3,2,1
308412,2,2,2,3,1,3,2,1
308413,2,2,3,2,2,2,2,1
308414,1,2,3,2,2,2,2,1
308415,1,3,2,3,3,3,3,1
308416,2,3,3,3,3,1,2,2
308418,2,3,3,3,1,3,2,1
308419,1,1,1,3,2,2,3,1
308420,1,2,3,3,2,3,3,3
308501,2,2,2,3,1,1,3,2
308502,1,3,2,3,1,2,2,3
308503,1,1,2,3,1,1,2,1
308504,1,3,3,3,3,2,3,1
308505,1,2,1,3,3,3,2,1
308506,2,1,1,3,3,2,3,3
308507,1,2,2,3,1,3,3,1
308508,2,3,2,2,1,2,3,2
308509,1,3,3,1,1,3,2,2
308510,1,2,3,3,1,2,2,1
308511,1,3,2,2, , , , 
308512,2,2,2,3,2,3,3,2
308513,1,3,3,3,2,3,2,3
308514,2,1,3,3,2,2,2,1
308515,2,3,3,2,2,2,3,1
308516,1,2,2,2,2,2,2,1
308517,1,2,2,3,3,2,3,2
308518,1,2,2,2,3,2,2,1
308519,1,2,2,2,1,2,2,1
308520,2,1,2,1,1,1,2,2
308601,1,2,1,3,2,1,1,1
308602,2,1,2,3,1,3,3,2
308603,1,3,3,3,2,2,1,1
308606,1,2,2,2,2,1,2,2
308607,1,3,3,3,1,1,1,1
308608,1,3,3,3, , , , 
308609,1,1,2,3,3,3,2,1
308610,2,2,3,2,1,2,2,1
308611,1,1,3,2,2,2,2,1
308612,1,3,3,3,3,2,3,2
308613,1,3,3,3,1,2,2,1
308614,2,1,1,3,1,2,3,1
308615,1,3,3,3,2,3,2,1
308616,1,3,3,3,2,3,3,1
308617,1,2,2,2,1,3,3,2
308618,1,2,3,3, , , , 
308619,2,1,1,3,3,2,2,1
308620,2,3,3,2,2,2,3,3
308701,1,3,3,3,1,2,3,1
308702,1,1,1,3,2,2,2,1
308703,2,2,3,2,2,1,2,1
308704,1,3,1,1,1,3,2,1
308705,1,2,3,3,2,2,2,1
308706,2,3,1,3,2,3,3,1
308707,1,3,3,3,3,2,3,1
308708,1,1,1,3,3,2,3,1
308709,1,2,3,3,2,2,2,2
308710,1,3,3,3,1,1,2,2
308711,2,3,3,2,2,3,2,1
308712,1,2,1,2,3,3,2,1
308713,1,3,3,3,1,3,3,2
308714,2,3,2,1,2,2,3,1
308715,1,2,2,1,2,1,2,1
308716,1,3,3,2,3,2,3,1
308717,1,3,2,2,2,3,2,1
308718,1,2,1,2,3,2,2,1
308719,2,2,2,3,2,2,3,1
308720,2,2,2,2,1,3,3,1
308801,2,3,3,2,2,1,2,1
308802,1,3,3,3,2,2,2,1
308803,2,2,2,3,2,1,2,1
308804,2,2,1,1,2,3,2,1
308805,1,1,3,3,1,1,2,1
308806,1,1,1,2,2,2,2,1
308807,2,3,3,3,2,2,2,2
308901,1,3,2,2,2,3,2,1
308902,1,3,3,3, , , , 
308904,2,3,3,3,3,3,3,1
308905,1,3,3,3, , , , 
308906,1,2,2,2,3,3,3,2
308907,1,2,1,3,1,1,2,2
308909,2,3,2,3,3,1,3,3
308912,1,3,3,3,3,2,3,2
308913,2,2,1,2,2,3,3,1
308914,1,2,1,3,3,1,2,1
308915,2,3,3,3,3,2, , 
308918,1,2,3,3,2,2,1,2
308919,1,1,1,2,3,2,3,1
308920,1,3,1,3,3,3,3,1
309001,1,2,3,3,3,3,3,3
309002,1,2,3,3,2,2,2,2
309003,1,2,3,3,1,1,2,2
309004,1,1,1,2,1,1,3,1
309005,2,3,1,1,3,1,2,1
309006,1,2,2,2,1,2,2,2
309007,1,3,3,3,3,1,2,1
309008,1,2,3,3,1,1,2,1
309009,2,3,3,3,1,3,3,1
309010,2,3,3,3,2,1,3,1
309011,2,3,3,2,3,3,3,1
309012,1,3,2,2,3,2,2,1
309013,1,3,3,3,2,2,3,1
309014,1,1,3,3,3,2,3,1
309015,1,3,3,3,3,3,2,1
309016,1,3,3,3,3,3,3,3
309017,1,2,2,3,3,2,1,1
309018,2,3,3,3,3,2,3,3
309019,2,3,3,3,1,3,3,1
309020,2,2,2,3,2,3,3,1
309201,1,2,2,3,1,1,2,1
309202,1,1,1,3,2,3,1,1
309204,2,2,3,2,1,1,2,1
309205,1, , , , , , , 
309206,2,2,2,2,2,2,2,2
309207,2,1,1,3,1,2,2,1
309208,1,2,2,3,2,3,2,2
309209,1,3,3,3,2,3,1,1
309210,1,3,3,3,1,2,2,2
309211,1,2,3,3,2,3,3,1
309212,2,2,2,2,3,3,3,2
309213,1, , , , , , , 
309215,1,2,1,3,2,2,2,1
309216,2, , , , , , , 
309217,2,2,3,2,2,2,2,1
309219,1,2,3,3,2,3,3,1
309301,1,2,2,3,1,2,3,1
309302,1,3,3,3,2,2,3,1
309303,1,3,3,3,1,3,3,1
309304,2,2,2,2,3,3,2,3
309305,1,2,1,3,2,1,3,3
309306,1,1,3,1,3,3, , 
309307,2,3,2,3,2,3,3,2
309308,2,2,2,3,3,1,2,2
309309,1,3,3,3,1,1,1,1
309310,2,3,2,3,1,3,2,1
309311,2,2,2,2,3,3,3,1
309312,2,1,1,3,2,1,1,1
309313,1,2,2,2,2,1,2,1
309314,1,3,3,3,3,3,2,2
309315,1,1,1,3,2,3,2,1
309316,1,3,3,3,3,2,3,1
309317,1,1,1,3,2,2,3,1
309318,1,3,3,3,2,2,2,1
309319,2,3,1,2,1,2,2,1
309320,1,3,1,2,1,2, , 
309401,1,2,3,3,3,3,3,3
309402,2,1,1,2,1,2,2,2
309403,1,2,1,2,3,3,2,2
309404,2,2,1,2,2,2,2,1
309405,2,3,3,3, , ,2,1
309406,2,3,3,3,2,2,3,2
309407,1,2,2,3,2,2,2,2
309408,2,3, ,2,2,2,3,2
309409,2,3,2,3,3,3,1,1
309410,1,2,2,3,2,2,2,1
309411,1,3,2,3,2,3,2,1
309412,1,3,3,3,2,2,3,2
309414,2,1,2,2,2,2,2,1
309415,1,2,1,3,2,2,2,2
309416,1,3,1,3,2,2,2,1
309417,2,2,2,3,3,1,2,2
309418,2,3,2,3,3,3,3,1
309419,2,2,2,3, , , , 
309420,1,2,1,3,1,1,2,1
309502, ,3,3,2,2,3, , 
309503,1,1,2,3,3,2,3,1
309504,1,2,2,2,2,3,2,1
309505,1,3,3,2,1,3, , 
309507,1,2,1,3,3,2,3,1
309508,2,2,2,3,3,3,3,1
309509,1,2,1,3,2,2, , 
309510,1,1,2,3,1,2,3,1
309511,2,3,3,3,3,2,3,2
309512,1,2,2,3,3,2,2,1
309513,1,3,3,3,3,2,3,1
309514,2,1,2,3,2,3,3,2
309515,1,1,2,1, , , , 
309516,1,2,3,3,2,1,2,1
309517,2,2,1,2,2,2,3,1
309518,1,3,2,3,3,2,3,1
309519,1,1,1,3,2,3,1,1
309520,2,2,2,3,2,3,3,2
309601,2,2,1,3,3,3,3,2
309602,1,3,3,3,3,3,1,3
309603,1,3,3,3,1,1,1,1
309604,1,1,2,3,1,1,1,3
309605,1,2,2,2,2,2, , 
309606,1,3,3,3,3,3,2,1
309607,1,3,3,3,1,3,1,1
309608,1,2,2,2,2,1,2,1
309610,1,2,2,2,3,3,2,2
309611,1,1,3,2,3,2,2,1
309612,2,3,3,3,3,3,2,2
309613,1,2,2,3,1,1,1,1
309614,2,3,2,3,2,1,2,2
309615,1,3,3,3,3,3,1,1
309616,1,2,2,2,1,1,1,1
309617,2,3,2,3,2,2,1,1
309618,2,3,3,3,1,1,1,1
309619,2,3,3,3,2,3,2,1
309801,2,3,3,2,1,2, , 
309802,2,2,2,2,3,2,3,3
309803,2,3,2,3,3,3,3,1
309804,1,2,2,2,1,2,2,1
309805,1,2,1,3,3,3,2,1
309806,2,2,2,3,2,2,2,2
309807,1,2,3,3,2,1,2,1
309808,1,3,3,2,3,3,2,1
309809,1,2,3,3,1,3,2,1
309810,1,1,2,1,2,1,3,2
309811,1,3,2,1,2,2,1,1
309901,2,3,3,3,2,1,3,1
309904,1,2,2,2,2,2,2,1
309906,2,3,1,3,3,3,3,2
309908,2,2,1,3,2,3,2,1
309911,2,3,1,3,1,3,3,3
309912,1,1,2,3,2,1,3,2
309913,2,3,2,3,3,3,2,1
309914,1,1,1,3, , , , 
309915,1,1,1,3, , ,2,1
309916,1,3,3,3,3,3,3,1
309917,1,2,2,2,3,3,1,1
309918,1,3,3,3,3,2,3,1
309919,2,3,1,1,2,3,3,2
309920,1,3,3,3, , , , 
310001,2,2,2,1,3,2,2,1
310002,1,3,3,3,2,2,2,2
310003,1,2,3,3,1,2,2,1
310004,2,3,2,3,2,3,2,1
310005,2,2,1,2,3,3,3,2
310006,2,2,3,3,2,2,3,1
310007,2,3,1,3,2,1,2,1
310008,2,2,1,3,2,2,2,1
310009,1,3,2,3,1,1,3,1
310010,1,2,1,2,2,1,2,1
310011,1,3,3,3,1,1,2,1
310012,2,2,3,3,2,2,2,1
310013,2,2,2,3,2,2,2,2
310014,1,3,3,3,2,2,2,1
310015,2,3,2,3,2,3,2,1
310017,1,3,3,3,2,3,3,1
310018,1,2,2,3,1,1,2,1
310019,2,2,1,3,3,1,3,1
310020,1,3,3,3,2,2,2,1
310101,1,2,2,3,3,3,3,1
310102,2,3,2,2,1,3,3,1
310103,1,1,1,2,2,2,3,2
310104,1,1,1,3,3,3,2,1
310105,1,2,2,3,2,1,3,2
310106,2,2,1,3,2,2,2,1
310107,2,3,3,3,3,3,3,1
310108,2,2,2,3,3,2,2,1
310109,1,3,3,3,2,3,3,1
310111,2,3,3,2,3,2,3,1
310112,1,2,2,2,3,3,2,1
310113,1,3,2,3,3,3,3,1
310114,2,3,2,2,2,3,3,2
310116,1,2,3,3,2,3,3,1
310117,1,1,1,3,2,2,3,1
310118,1,2,3,2,2,2,2,1
310119,1,2,2,3,2,2,3,1
310120,1,3,2,3,3,1,3,1
310201,1,1,1,3,2,3,2,1
310202,2,3,1,3,2,1,1,1
310203,1,1,1,2,3,3,2,1
310204,1,1,1,2,3,3,3,1
310301,1,2,3,3,1,3,2,2
310302,1,1,1,3,2,2,3,2
310303,1,2,2,3,2,2,2,1
310304,1,1,1,3,3,2,2,1
310306,1,3,2,3,2,2,2,1
310307,1,3,3,3,2,3,2,1
310308,1,3,3,3,3,3,2,1
310309,1,2,2,3,1,2,2,1
310310,1,3,3,3,1,3,2,1
310312,1,1,1,3,3,3,3,3
310313,1,1,1,3,2,2,2,1
310314,2,3,1,3,3,3,2,3
310315,2,2,2,3,2,2,2,1
310316,1,3,1,3,3,3,3,1
310317,1,1,2,2,1,3,2,1
310318,1,2,2,3,1,2,2,1
310319,1,3,3,3,3,3,2,1
310320,1,3,3,3,3,3,3,3
310401,1,1,1,3,2,2,3,2
310402,1,3,3,3,2,2,3,3
310403,1,2,2,3,1,2,2,2
310404,2,3,2,3,3,3,3,1
310405,2,2,3,3,2,2,3,2
310406,1,3,3,3,3,3,2,1
310407,1,2,2,3,3,3,3,1
310408,1,3,3,3,2,2,3,2
310409,1,1,3,3,3,3,3,1
310410,2,3,1,2,2,2,3,1
310411,1,1,1,3,2,3,2,1
310412,1,2,2,3,2,3, , 
310413,2,1,3,1,3,2,3,1
310414,2,3,1,3,2,2,3,2
310415,1,1,2,3,2,2,3,1
310416,1,2,1,3,3,3,3,3
310417,1,3,1,3,2,3,3,1
310418,1,3,2,3,1,2,2,2
310419,2,2,1,3,3,1,3,1
310420,2,1,1,3,3,3,2,1
310501,1,3,3,3,3,3,3,2
310502,1,3,3,3,1,2,3,2
310503,2,3,3,3,3,3,3,3
310504,1,3,3,3,3,3,3,3
310505,2,2,3,2,2,3,2,1
310506,2,1,1,3,3,3,2,1
310507,2,2,2,3,2,2,2,1
310508,2,2,3,2,2,3,3,1
310602,1,2,3,3,3,2,1,1
310603,2,2,3,1,2,1,3,1
310604,2,3,2,3,2,2,2,1
310605,1,1,2,3,3,2,2,2
310606,1,2,2,2,2,1,3,2
310607,2,2,1,3,2,3,3,1
310609,1,2,1,3,2,2,2,2
310610,2,2,2,3,2,3,2,1
310611,1,1,2,2,1,2,2,1
310612,2,3,1,3,3,3,3,2
310613,1,1,1,2,2,1,2,2
310614,2,1,1,3, , , , 
310615,1,2,2,3,3,2,3,1
310617,2,2,2,3,1,2,2,1
310618,1,2,2,2,1,2,2,1
310619,2,2,2,3,3,3,3,2
310620,1,2,2,3,1,1,1,1
310701,1,3,3,3,3,2,3,2
310702,1,1,1,2,2,3,3,1
310703,1,3,2,3,1,3,3,1
310704,1,1,2,3,1,1,3,1
310705,2,3,3,2,1,2,3,1
310706,1,2,2,2,2,3,3,1
310708,1,2,3,3,2,2,2,1
310709,2,1,2,3,3,2,2,1
310711,2,2,3,1,1,3,3,2
310713,2,2,1,2,1,2,3,1
310714,1,3,2,2,2,2,2,1
310715,1,2,1,3,3,3,3,1
310716,1,3,3,3,2,3,3,1
310717,1,3,2,3,2,1,1,1
310718,1,1,2,3,1,2,3,1
310719,2,2,3,2,1,2,3,1
310720,1,3,3,3,2,3,3,1
310801,1,3,3,3,2,3,2,1
310802,1,2,2,3,3,3,3,1
310803,2,2,2,3,2,2,3,1
310804,1,2,1,3,2,2,3,1
310805,1,2,2,3,1,2,3,1
310806,1,3,3,3,2, , , 
310807,1,1,2,3,2,3,3,1
310808,2,3,3,3,1,1,2,2
310809,2,3,3,3,3,3,3,2
310810,1,2,1,3,2,2,3,1
310811,1,3,2,3,2,2,2,1
310812,1,1,2,2,2,2,2,1
310813,2,2,1,3,3,3,3,1
310814,2,2,1,2,3,3,2,1
310815,1,3,1,2,1,2,3,1
310816,1,2,2,2,3,1,3,3
310817,2,2,2,2,3,3,2,1
310818,2,2,2,3,2,1,3,2
310901,1,3,3,3,1,1,2,1
310902,2,2,2,2,1,1,2,1
310903,1,3,3,3,3,1,3,1
310904,1,3,3,2,2,2,2,1
310905,1,3,2,3,3,2,3,1
310906,2,3,2,2,2,3,3,1
310907,1,3,2,3,1,2,2,1
310908,2,2,2,2,3,1,3,1
310909,1,2,1,3,1,3,1,1
310910,2,2,3,3,3,3,2,1
310911,1,3,1,3,2,2,2,1
310912,1,3,1,2,2,2,3,1
310913,2,3,1,3,1,3,3,1
310915,1,3,3,3,2,1,2,1
311001,2,3,3,3,2,2,3,1
311002,1,2,1,3,2,1,3,3
311003,1,2,2,3,3,3,3,3
311004,1,3,1,3, , , , 
311005,2,2,2,3,3,3,3,1
311008,2,2,1,3,1,3,2,1
311009,2,1,1,3,3,2,2,2
311010,1,3,1,2,2,2,3,2
311011,2,1,1,3,1,1,3,2
311012,2,3,2,3,1,2,3,1
311013,1,2,2,3,2,2,2,1
311015,2,2,2,3,1,2,3,2
311016,1,3,3,3,3,3,3,1
311017,1,2,2,3,3,3,3,1
311018,1,2,2,2,1,2,3,3
311019,1,1,1,3,3,2,2,1
311101,1,1,1,3,3,3,3,1
311102,2,2,2,3,2,2,2,1
311103,1,1,2,3,3,1,3,2
311104,1,2,3,3,1,2,3,1
311105,1,3,3,2,2,2,3,1
311106,2,3,3,3,3,3,3,3
311107,1,2,1,2,3,3,1,1
311108,1,3,3,3,2,2,3,2
311109,1,3,2,3,3,3,2,1
311110,1,3,3,2,3,3,3,1
311111,1,1,3,3,3,3,3,1
311112,1,1,1,3,2,2,3,1
311113,1,3,3,3,2,1,3,1
311114,1,2,2,3,3,2,3,1
311115,1,2,3,3,1,2,2,1
311116,2,2,3,2,1,1,3,1
311117,1,1,3,3,3,3,2,1
311118,1,2,3,3,1,2,2,1
311119,1,2,2,3,2,2,3,2
311120,2,3,2,3,3,3,2,1
311201,1,3,2,3,1,2,2,1
311202,2,3,2,3,3,3,3,1
311203,1,1,1,3,3,3,3,1
311204,1,3,2,3,3,3,1,3
311301,1,2,2,3,2,2,3,1
311302,1,2,2,3,3,3,3,1
311303,1,3,2,3,2,3,3,1
311304,1,2,3,3,2,3,2,1
311305,1,2,3,3,2,3,3,1
311306,1,2,2,2,2,2,3,1
311307,1,1,3,2,3,3,2,1
311308,1,1,1,2,2,3,3,1
311309,1,2,3,3,3,2,3,1
311310,1,1,1,3,2,2,2,1
311311,1,1,2,3,2,3,3,2
311312,1,3,3,3,3,1,2,2
311313,1,1,3,3,3,1,3,2
311314,1,2,3,2,2,1,2,2
311315,1,2,2,3,2,3,3,1
311316,2,3,3,2,3,3,3,1
311317,1,3,3,3,3,3,2,1
311318,2,3,1,1,3,2,2,1
311319,2,2,2,3,3,3,3,1
311320,1,3,3,3,3,3,2,1
311401,2,3,3,3,1,2,2,2
311402,1,3,2,3,2,3,3,2
311403,1,3,3,3,3,3,3,1
311404,2,3,3,3,2,2,3,2
311405,2,3,3,3,2,3,2,1
311406,2,2,2,3,1,2,2,1
311407,2,2,2,2,3,3,3,1
311408,1,2,3,3,2,2,3,1
311409,1,1,2,3,2,3,2,1
311410,1,3,3,3,3,3,3,3
311411,1,3,3,3,3,3,3,3
311412,1,3,3,3,2,2,2,2
311413,1,3,3,3,3,3,2,1
311414,1,2,2,3,2,2,3,2
311415,1,3,3,3,3,3,3,1
311416,2,3,3,2, , , , 
311417,2,1,1,2,2,3,2,1
311419,1,3,2,3,1,1,1,1
311420,2,2,2,3,3,2,2,3
311501,1,3,3,3,1,2,2,1
311502,1,3,2,3,2,3,2,1
311503,1,2,3,3,1,1,3,1
311504,2,1,1,3,3,1,2,1
311505,2,3,2,3,2,2,3,1
311506,1,2,2,3,2,2,2,1
311507,1,1,1,2,2,2,3,1
311508,2,2,2,3,2,3,2,2
311509,2,3,2,3,3,2,2,1
311510,2,2,1,3,3,3,3,1
311511,1,3,3,2,1,3,2,1
311512,1,2,1,3,1,3,2,1
311513,1,3,3,2,3,2,2,1
311514,1,2,1,3,3,3,3,2
311515,1,2,1,2,2,3,3,2
311516,2,2,2,2,2,3,2,2
311517,2,3,2,2,2,2,3,2
311518,1,2,3,3,2,2,2,1
311519,1,2,1,3,3,3,3,1
311520,1,2,2,3,2,2,2,1
311601,1,2,2,3,2,3,3,1
311602,2,2,2,3,2,1,3,3
311603,1,2,3,2,1,3,2,2
311604,1,2,3,3,1,3,3,1
311605,2,3, ,3,1,3, , 
311607,2,2,2,2,1,2,2,1
311609,1,3,3,3,3,3,2,2
311611,2,1,1,3,3,3,2,1
311612,1,2,2,3,2,3,3,2
311614,1,2,2,3, , , , 
311615,2,3,2,3, , , , 
311617,1,3,2,3, , , , 
311701,1,3,3,2,2,3,1,1
311702,2,2,1,3,1,1,2,1
311703,1,1,1,2,3,3,3,1
311704,2,1,1,1,2,2,3,1
311705,2,2,1,3,3,3,3,1
311706,1,2,2,2,1,2,2,1
311707,1,1,3,2,3,2,2,2
311708,1,2,3,2,1,1,2,1
311709,2,1,3,3,2,3,3,1
311710,1,3,3,3,3,2,3,1
311711,1,3,3,3,3,2,2,1
311712,1,3,3,2,2,2,2,1
311713,2,2,1,2,3,1,2,1
311715,1,3,3,2,3,2,2,1
311716,2,3,3,3,3,3,3,2
311717,1,2,1,3,3,2,3,1
311718,1,3,1,3,3,2,3,1
311719,2,2,1,3,1,2,1,1
311801,1,2,3,2,1,2,2,1
311802,1,1,2,1,2,2,3,1
311803,1,3,3,2,1,1,1,1
311804,1,3,3,2,2,3,3,2
311805,2,3,3,3,2,2,2,1
311806,1,3,3,1,2,3,3,3
311807,2,1,1,3,1,1,3,1
311808,1,3,3,3,3,3,3,1
311809,1,2,3,2,1,3,2,1
311810,2,3,3,3,2,3,2,1
311811,1,3,3,1,1,2,3,1
311812,2,2,3,3,1,2,2,1
311813,2,1,3,3,1,2,2,1
311814,1,3,3,3,1,3,2,1
311815,1,3,3,1,1,2,3,1
311816,1,2,3,3,1,2,2,1
311817,2,2,2,3,2,2,1,1
311818,1,3,3,2,3,3,2,2
311819,2,3,1,2,3,3,3,2
311901,2,2,2,2,3,2,2,2
311902,1,2,3,3,3,1,3,1
311903,1,3,3,3, , , , 
311904,1,3,2,3,3,3,2,2
311905,1,3,3,3,3,2,2,1
311906,2,1,1,3,2,2,2,1
311907,2,3,2,2,3,2,2,2
311908,1,3,3,3,3,3,3,1
311909,2,3,2,3,3,1,3,1
311910,1,2,2,2,1,2,2,1
311911,1,2,3,3,3,3,2,1
311912,1,3,3,3,2,1,3,3
311913,1,2,2,2,2,1, , 
311914,1,2,2,3,3,3,3,2
311915,1,3,3,3,3,3,3,2
311916,1,1,1,3,2,2,2,2
311917,1,1,3,2,2,1,2,2
311918,2,3,1,2,2,2,2,1
311919,1,2,2,3,2,1,2,1
312101,2,2,2,2,2,2, ,1
312102,2,2,1,2,1,3,3,1
312103,1,2,2,3,2,1,3,1
312104,1,3,3,3,2,2,2,2
312105,1,3,3,3,2,2,1,1
312106,2,2,2,2,2,3,2,1
312107,1,1,1,1,3,2,1,1
312108,2,2,2,2,1,1,1,1
312109,1,3,2,3,1,1,2,2
312110,2,3,3,3,3,2,3,3
312111,1,3,3,3,3,3,1,2
312112,2,1,2,3,3,1,2,2
312201,1,2,2,3,2,2,3,1
312202,1,3,2,3,2,3,2,1
312203,2,3,2,3,3,3,2,1
312204,1,2,3,2,1,1,3,2
312205,1,2,2,3,1,2,2,1
312206,1,2,3,3,1,3,2,1
312207,1,3,2,3,1,2,2,1
312208,2,3,1,3,1,2,2,1
312209,2,2,1,2,2,3,3,2
312210,1,2,3,3,2,1,2,2
312211,2,3,3,3,3,2,2,1
312212,1,2,2,2,2,2,2,2
312213,1,3,3,3,3, ,1,1
312214,1,3,3,3,3,1,3,1
312215,1,3,2,3,2,2,3,1
312216,1,3,2,3,2,3,3,2
312217,1,3,3,3,2,2,2,1
312218,1,2,1,3,2,3,2,1
312219,1,3,3,3,3,1,2,1
312220,1,3,3,2,3,2,2,1
312302,1,2,1,3,3,3,3,1
312303,1,2,2,3,3,1,2,1
312304,1,1,1,3,2,2,3,2
312305,1,3,3,3,3,2,2,1
312306,2,2,2,1,3,3,3,1
312307,1,2,3,3,2,2,3,1
312308,2,2,1,2,2,2,3,1
312309,2,2,3,3, , , , 
312310,1,2,1,1,3,3,3,1
312401,1,3,3,3,3,3,2,1
312402,2,3,1,3,3,3,3,3
312404,1,3,2,3,2,2,2,3
312405,1,2,2,3, , , , 
312406,2,3,3,3,1,1,2,1
312408,2,2,2,3, , , , 
312410,2,3,3,3,3,3,2,1
312411,1,1,2,3,1,2,2,1
312415,2,3,3,3,3,3,3,2
312416,1,2,2,2,2,2,2,1
312419,2, , , , , , , 
312420,1,2,2,3,1,2, , 
312422,1,2,2,3,1,1,1,1
312501,2,2,2,3,2,2,2,1
312502,1,3,3,2,2,1,2,1
312503,2,2,2,2,1,1, , 
312504,1,3,3,2,2,2,2,1
312505,2,3,3,3,3,2,3,1
312506,2,2,2,1,2,1,2,1
312507,2,3,3,2,3,3,3,1
312508,1,1,1,3,3,2,2,1
312509,2,2,2,3,1,1,1,1
312510,2,1,1,3,3,3,2,2
312511,1,2,1,3,1,2,2,1
312512,1,3,3,3,2,2,2,1
312514,1,3,1,3,2,3,2,1
312515,1,3,3,3,2,2,3,2
312516,2,3,1,3,3,3,3,1
312517,2,2,2,2,2,2,2,1
312518,1,2,2,3,2,3,2,1
312519,2,2,1,3, , , , 
312520,2,2,2,2,2,2,2,1
312601,2,2,3,2,3,3,3,1
312602,1,1,2,2,2,2,3,1
312603,2,1,3,3,2,1,3,2
312604,1,2,2,2,3,3, ,1
312605,1,1,3,1,3,3,3,1
312606,2,3,3,3,3,3,2,1
312607,1,3,3,3,3,1,3,2
312608,2,2,2,3,3,2,3,3
312609,1,2,3,1,3,1,3,1
312610,2,2,2,3,3,3,2,1
312611,2,3,2,2,2,2,3,2
312612,1,1,3,2,3,1,1,1
312613,1,2,2,2,1,2,3,2
312614,1,2,1,3,3,1,2,1
312615,1,2,3,3,3,1,3,1
312616,1,1,1,2,2,2,3,2
312617,1,3,3,3,3,2,3,1
312618,1,3,3,2,1,2,3,2
312619,1,3,2,3,2,3,3,1
312620,2,2,3,3,3,3,3,2
312701,1,3,2,3,1,3,3,1
312702,1,2,3,3,2,2,2,2
312703,1,3,3,3,2,1,3,1
312704,1,3,2,3,3,3,2,1
312705,1,3,3,2,3,2,2,1
312708,1,1,1,3,2,3,3,1
312709,2,1,1,3, , , , 
312710,1,2,3,3,3,3,2,2
312712,1,3,3,3,1,1,3,1
312713,2,2,2,1,1,2,2,2
312714,2,2,2,3,3,2,2,2
312715,1,3,2,3,3,3,3,2
312717,2,2,1,3,3,3,2,1
312718,2,2,2,3,2,1,1,1
312719,2,2,2,2,2,2,2,1
312720,1,3,2,3,1,1,2,1
312801,1,3,3,3,2,2,3,1
312802,1,2,2,3,1,2,1,1
312803,1,3,2,2,3,2,2,1
312804,1,1,1,3,3,2,3,1
312805,1,2,2,3,3,3,1,1
312806,1,3,3,3,1,2,1,1
312807,1,3,3,3,2,2,2,2
312810,1,2,2,3,3,3,3,1
312811,1,3,3,3,2,2,2,2
312812,1,2,2,2,1,3,1,1
312813,1,3,3,3,3,3,3,1
312814,1,2,3,2,3,3,3,1
312815,1,2,2,3,2,2,2,1
312816,2,3,1,3,3,2,2,1
312817,2,1,2,2,2,3,2,1
312819,2,3,2,3,1,1,2,1
312820,2,1,1,3,2,2,2,2
312822,1,1,1,3,1,1,1,1
312901,2, , , , , , , 
312902,1,2,3,3,2,2,3,1
312905,1,2,2,2,3,3,3,1
312906,1,3,2,1,1,3,2,1
312907,1,2,1,3,3,3,3,3
312908,1,2,3,3,3,3,1,1
312909,1,3,3,3,3,3,2,1
312910,1,2,2,3,1,1,2,1
312911,1,1,1,3,1,1,2,1
312913,2,1,1,3,1,3,2,1
312914,1,3,3,3,1,2,3,1
312915,2,2,3,3,3,3,1,1
312916,2,2,1,3,1,1, , 
312917,2,3,2,3,3,3,2,1
312918,1,2,3,3,1,2,1,1
312920,1,3,3,3, ,3,2,1
312921,2,3,3,3,3,3,3,3
313001,2,2,3,2,2,2,2,1
313002,1,1,1,2,3,1,3,2
313003,1,2,2,1,2,3,2,1
313004,2,3,2,3,3,2,2,2
313005,2,3,3,3,3,3,3,1
313006,2,3,1,2,2,2,2,1
313007,1,1,3,3,2,3,2,1
313008,2,2,2,3,3,3,1,1
313009,1,3,3,2,3,2,2,2
313010,1,2,3,3,3,3,3,2
313011,1,1,2,3,3,3,2,1
313012,1,2,2,2,2,2,2,1
313013,1,2,3,3,2,3,2,1
313014,2,3,2,3,1,2,2,2
313015,1,2,3,3,2,3,3,1
313016,2,3,3,3,3,3,2,1
313017,2,3,3,3,3,2,3,1
313018,2,3,3,3,3,3,2,1
313019,1,1,1,3,2,2,1,1
313020,1,3,2,3,2,2,2,2
313101,1,2,1,3,2,2,3,2
313102,1,2,3,3,3,3,2,2
313103,1,3,3,3,1,2,3,1
313105,1,2,3,1,1,3,2,1
313106,1,3,3,1,2,3,2,3
313109,1,2,2,3,1,2,2,1
313110,1,1,1,3,3,3,2,1
313112,1,2,1,3,2,3,3,1
313113,2,2,2,2,1,2,2,1
313114,1,2,2,3,2,3,3,1
313115,1,2,3,3,1,3,2,1
313117,1,3,3,2,2,2,3,2
313119,1,1,2,3,3,3,3,1
313201,1,2,3,3,1,1,2,1
313202,2,2,1,3,3,3,3,3
313203,1,2,1,2,3,3,2,1
313204,2,2,2,3,3,3,3,2
313205,2,3,1,3,2,2,2,1
313206,1,2,2,3,1,2,2,1
313207,1,1,2,1,2,3,2,1
313208,1,3,2,3,2,3,2,1
313209,1,1,2,3, , , , 
313210,1,1,1,2,1,2,2,1
313211,1,1,2,2,2,2,2,2
313212,1,2,3,1,2,3,2,1
313213,1,2,1,3,3,2,3,1
313214,1,1,2,1,2,2,3,1
313215,1,2,3,3,2,3,2,1
313216,1,2,2,3,1,2,2,1
313217,1,2,2,3,1,2,2,1
313219,1,1,2,2,1,1,2,1
313220,1,3,2,3,3,3, , 
313301,2,2,3,3,2,3,2,2
313302,2,2,1,3, , , , 
313303,2,2,2,3,1,1,2,1
313304,1,1,1,3,2,3,3,1
313305,2,1,3,3, , , , 
313306,2,1,1,1,1,2,2,1
313307,2,2,2,3,3,3,3,1
313401,1,1,1,3,3,2,3,1
313402,2,1,1,3,2,2,3,1
313403,1,3,2,3,1,2,3,1
313404,1,2,3,2,2,1,3,1
313405,2,2,2,2,2,2,3,1
313406,1,3,2,3,1,3,2,1
313407,2,2,2,3,3,3,2,1
313408,1,2,3,1,2,2,2,1
313409,1,3,1,3,3,3,2,1
313410,1,2,2,3,2,2,3,1
313411,1,2,2,3,2,2,3,1
313412,1,3,2,2,1,3,3,1
313501,1,2,3,3,2,2,2,2
313502,1,3,1,3,3,1,3,2
313503,1,2,2,3,2,2,2,1
313504,2,2,1,3,2,3,1,2
313505,2,1,1,3,2,2,2,1
313506,1,3,2,3,3,2,2,1
313507,1,2,2,3,2,3,2,1
313508,1,3,3,3,2,2,3,1
313509,2,3,3,3,2,3,3,2
313510,2,2,2,2,3,2,3,1
313511,1,2,1,3,3,3,2,1
313512,2,1,1,3,3,1,2,2
313513,1,2,1,3,3,2,1,1
313514,1,2,2,3,2,3,2,1
313515,1,2,1,3,2,3, , 
313516,2,2,1,3,1,3,2,1
313518,1,2,2,3,3,3,2,1
313519,1,2,3,3,3,3,3,1
313520,1,2,3,2,2,1,3,1
313601,1,1,2,2,2,2,2,1
313602,1,2,1,3,3,3,2,2
313603,2,2,3,3,1,1,1,1
313604,1,3,3,3,2,2,2,1
313605,1,3,2,3,3,2,3,2
313606,1,2,3,2,1,1,2,1
313607,1,2,3,3,1,2,2,1
313608,1,2,3,3,2,2,2,1
313609,1,3,3,3,1,2,2,1
313610,1,3,3,2,2,1,2,1
313611,1,2,2,3,2,3,2,1
313612,1,2,2,3,1,3,2,1
313613,1,3,3,2,3,3,2,2
313614,1,3,3,3,3,3,2,2
313615,1,2,2,3,2,3,1,1
313616,1,1,1,3,3,3,3,2
313617,2,1,1,1,1,1,2,1
313618,1,3,3,3,3,3,3,3
313619,2,2,2,3,2,2,3,3
313620,2,3,3,3,3,2,2,1
313801,2,2,1,3,2,3,3,2
313802,1,1,1,3,3,3,2,1
313803,1,3,3,3,3,3,2,1
313804,1,3,3,3,3,3,3,1
313805,1,2,3,3,3,1,2,1
313806,1,1,1,1,3,1,2,1
313807,1,2,2,3,3,1,3,1
313808,1,3,1,3,2,2,3,1
313809,1,3,3,3,3,3,3,1
313810,1,2,2,2,3,3,3,2
313811,1,2,1,3,2,2,3,1
313812,2,2,1,3,1,2,2,1
313813,1,1,1,3,1,2,3,1
313814,2,1,2,3,1,3,3,1
313815,1,2,2,3,2,2,2,1
313901,1,3,2,2,2,2,2,1
313902,1,3,2,2,3,3,1,1
313903,1,2,2,3,3,3,2,2
313904,1,2,3,3,1,3,3,2
313906,1,2,3,3,3,3,3,1
313907,1,3,3,2,3,3,2,2
313908,1,2,2,3,2,1,2,2
313909,1,3,3,3,3,3,3,3
313910,2,3,3,1,2,3,2,1
313911,1,3,3,3,3,3,2,2
313913,1,2,2,3,3,3,1,2
313914,1,3,2,2,3,3,3,2
313915,1,3,3,3,2,3,1,1
313916,1,2,3,3,3,2,3,1
313917,1,3,1,3,3,3,3,2
313918,2,3,3,3,2,2,1,1
313919,1,2,2,3,2,3,3,1
313920,1,3,3,1,2,3,1,1
314001,1,1,2,3,2,2,2,1
314002,1,1,1,3,2,3,3,3
314003,1,1,3,3,1,3,2,2
314004,2,2,2,2,1,2,3,1
314005,1,3,3,3,3,1,3,1
314006,1,1,1,3,3,1,2,1
314007,1,1,3,2,3,3,3,1
314008,2,2,3,3,3,2,2,2
314009,2,2,2,2,2,2,2,2
314010,1,2,3,2,2,2,3,1
314011,2,1,2,1,1,1,1,1
314012,2,2,2,3,1,3,3,2
314013,1,3,2,3,2,1,2,1
314014,1,1,1,3,2,3,2,1
314015,1,2,1,3,1,2,3,1
314016,2,1,1,3,2,2,2,2
314017,1,2,3,3,1,1,2,1
314018,1,3,3,3,2,3,3,1
314019,1,3,1,2,2,1,2,1
314020,2,1,1,3,2,1,3,1
314101,1,1,2,2,1,1,1,1
314102,1,3,2,3,3,2,2,2
314103,2,3,2,3,3,2,2,2
314104,2,1,1,2,3,3,1,1
314105,2,1,1,2,3,2,2,1
314108,1,2,1,3,2,2,2,2
314109,1,3,3,3,3,2,1,3
314110,1,3,1,3,3,2,2,1
314111,1,2,1,1,1,1,1,1
314112,2,2,2,3,1,2,3,2
314113,1,2,2,2,2,3,1,1
314114,1,3,1,3,2,1,3,1
314115,1,3,3,3,3,3,3,1
314117,1,3,2,1,1,1,2,1
314118,2,3,3,3,3,3,3,2
314119,1,2,1,3,1,3,2,1
314120,1,1,1,2,1,3,1,1
314201,2,2,2,2,2,2,2,2
314202,1,1,2,3,2,2,2,2
314203,1,2,3,2,1,3,2,1
314205,1,3,3,3,3,3,1,1
314208,1,3,3,3,2,1,3,1
314209,1, , , , , , , 
314210,1,2,3,3,3,2,2,2
314212,2,1,2,3,3,1,2,2
314214,1,1,1,3,3,3,3,1
314216,1,2,1,3,3,3, , 
314301,2,3,3,3,3,3,3,1
314302,2,3,3,3,2,2,3,1
314303,2,1,1,3,3,3,3,1
314304,2,3,1,2,3,3,2,2
314305,1,3,3,3,3,3,3,1
314306,2,3,1,3,2,2,3,1
314307,2,1,1,3,3,3,3,1
314401,1,3,2,3,3,2,3,1
314402,1,2,3,3,2,1,2,1
314403,2,2,1,3,3,3,3,3
314404,1,3,3,3,3,3,3,3
314405,2,2,1,3,2,2,3,2
314407,2,2,1,3,3,3,2,2
314408,1,2,2,3,3,3,3,1
314409,1,2,3,3,3,3,2,1
314410,2,2,2,3,2,3,3,1
314411,1,2,2,2,2,3,2,1
314412,1,2,3,2,2,2,2,1
314413,1,2,3,3,2,3,3,2
314414,1,1,2,3,2,3,2,2
314415,2,2,1,3,2,3,3,3
314416,1,2,2,2,2,2,3,1
314417,1,2,3,3,2,2,2,1
314418,1,2,1,3,2,2,3,2
314419,2,2,1,2, , , , 
314420,1,3,3,3,2,2,2,1
314501,1,2,1,3,1,2,3,1
314502,1,3,3,2,1,1,2,1
314504,1,1,1,3,2,2,2,1
314505,2,2,1,3,3,2,2,1
314507,1,2,1,3,2,3,2,1
314508,1,3,3,3,1,2,2,1
314509,1,1,2,3,1,3,2,1
314510,1, , , , , , , 
314511,2,2,1,3,1,1,1,2
314512,1,2,2,2,2,3,2,1
314513,2,1,2,3,2,3,2,1
314515,2,1,3,3,2,2,3,1
314516,1,1,3,3,1,3,3,1
314517,1,1,3,3,2,3,3,1
314518,2,2,1,3,2,2,3,1
314519,2,2,2,3,1,1,2,2
314520,1,2,3,3,2,2,2,1
314601,1,3,3,2,3,3,3,1
314602,1,2,3,3,1,2,3,1
314603,2,1,1,2,3,3,2,1
314604,2,1,3,3,1,2,1,1
314605,2,3,3,3,2,2,2,2
314606,1,2,3,3,3,3,3,1
314607,2,2,1,3,1,1,2,1
314608,1, , , , , , , 
314609,1,3,3,3,3,3,3,1
314610,1,2,3,2,3,2,3,1
314611,2,2,2,3,1,2,2,1
314612,1,2,3,2,3,3,3,1
314613,1,1,2,3,1,3,2,1
314614,1,3,1,3,1,3,3,1
314615,1,3,3,3,3,3,2,1
314616, ,2,1,3,2,3,3,1
314617,1,1,1,3,3,2,2,1
314618,2,1,1,3,2,1,1,2
314619,1,1,1,3,3,1, , 
314621,1,3,2,2, , , , 
314622,2, , , , , , , 
314623,1,2,3,3,2,2,3,1
314701,2,2,1,3,3,3,2,1
314703,1,2,1,1,3,2,3,2
314704,2,1,1,3,1,2,1,1
314705,1,3,3,3,3,3,2,1
314706,1,3,2,3, , , , 
314707,1,3,3,3,3,3,3,1
314709,1,2,2,3,3,3,3,2
314710,2,2,1,3,2,3,3,1
314712,1,3,1,3,1,2,3,3
314713,2,3,3,2,2,2,3,2
314714,1,2,1,3, , , , 
314715,1,3,2,1,2,3,3,2
314716,2,2,2,3,3,2,3,2
314718,1,2,3,3,3,3,3,2
314719,1,1,2,3,2,3,3,2
314801,2, , , ,1,2,2,1
314802,2,2,1,3,3,1,2,1
314803,1,1,1,2,2,3,2,3
314805,1,3,3,3,3,3,2,2
314806,1,3,3,3,3,3,1,1
314807,1,3,3,3, , , , 
314808,1,2,2,2,3,3,2,2
314809,2,3,2,3,1,3,3,1
314810,2,2,3,3, , , , 
314811,2,3,2,3,2,2,2,2
314812,2,2,2,3,3,3,2,1
314813,1,2,3,3,1,1,2,1
314815,2,2,2,2,2,2,2,1
314816,2,2,2,3,1,2,2,1
314817,2,3,2,2,2,2,3,1
314818,2,2,2,3,3,2,2,1
314819,1,2,2,3,2,3,2,1
314820,1,2,2,3,3,3,2,1
314901,1,2,2,3,3,2,2,1
314902,1,2,2,3,2,3,2,1
314903,1, , , , , , , 
314904,1,3,3,3,1,2,2,1
314905,1,2,1,3, , , , 
314906,1,3,3,3,2,3,2,1
314907,1,3,2,3,3,3,2,2
314908,2,3,3,2,2,2,1,2
314910,2,3,3,3,1,3,1,1
314911,2,2,3,2,2,3,3,1
314912,2,2,2,3,1,2,2,1
314913,2,3,2,3,2,2,2,1
314914,2,2,1,2,1,2,2,1
314915,2,2,1,2,2,2,2,1
314916,1,2,2,2,1,2,2,1
314917,2,2,1,2,1,1,2,1
314918,2,2,1,3,2,3,2,1
314919,1,3,3,3,1,3,1,3
314920,1,3,1,3,1,2,3,1
315001,1,2,1,3,1,3,3,1
315002,1,3,3,3,2,3,2,1
315003,1,3,3,2, , , , 
315005,2,3,1,2,3,3,3,3
315006,2,2,3,2,2,2,2,1
315007,2,2,2,1,3,3,2,2
315008,2,2,3,3,3,3,3,2
315009,1,2,2,3, , , , 
315010,1,2,2,3,2,2,2,2
315011,1,2,2,3, , ,2,1
315012,2,2,2,3,1,3,2,1
315013,1,3,2,3,2,2,2,1
315014,2,3,1,1,2,2,2,1
315017,1,3,3,3, , , , 
315018,1,3,3,1,1,2,2,2
315020,2,2,3,2,3,3,2,1
315101,1,3,3,3,3,3,3,1
315102,2,2,1,3, , , , 
315103,1,3,3,3,2,3,3,1
315104,1,3,1,3,1,2,2,1
315105,1,2,1,3,3,2,3,2
315106,1,2,2,2,2,3,3,1
315107,1,3,3,3,3,3,1,1
315108,2,2,3,3,2,2,2,2
315109,1,3,1,3,3,3,3,3
315110,1,3,3,3,2,3,3,1
315111,1,2,3,2,1,1,2,1
315112,1,2,3,3,3,3,3,2
315113,1,3,3,3,2,3,2,1
315114,1,2,1,3,2,2,3,3
315116,1,3,1,3,3,3,3,1
315117,1,2,1,3,3,3,2,3
315118,1,2,3,3,2,2,3,1
315119,2,1,1,3,2,1, , 
315120,1,3,2,3,3,3,3,3
315201,2,3,3,2,2,2,3,2
315202,1,3,1,3,2,3,3,1
315203,1,3,2,3,3,2,3,1
315204,2,3,3,3,1,2,3,2
315205,2,2,1,2,2,3,3,1
315207,1,3,3,3,1,3,3,2
315208,1,1,1,3,1,2,3,1
315209,2,3,1,3,2,3,3,1
315210,2,3,3,2,2,3,3,1
315211,1,3,2,3,2,2,3,2
315212,2,3,3,3,2,1,3,1
315215,2,3,3,3, , , , 
315216,1,3,3,3,3,3,2,2
315217,1,3,1,2,2,1,3,1
315218,1,2,2,3,3,3,3,2
315219,1,3,3,3,2,2,3,2
315220,1,3,3,3, , , , 
315301,2,1,1,3,1,2,2,1
315302,1,3,2,3,3,3,2,1
315303,1,2,2,3,3,3,3,1
315304,2,3,3,3,2,3,3,2
315305,1,1,2,2,2,3,3,1
315306,2,2,1,3,3,2,3,1
315401,2,3,3,3,2,3,3,3
315402,1,1,1,3,1,2,2,1
315405,1,3,3,3,3,3,3,3
315407,1,3,3,3,1,3,3,1
315408,1,2,2,1,1,2,3,1
315411,1,2,3,3,1,3,2,1
315412,2,2,2,3,1,2,2,1
315413,2,3,1,2,3,3,3,1
315415,1,1,1,3,1,1,3,2
315417,2,2,2,2,2,2,2,2
315419,1,2,2,3,1,1,3,1
315420,1,1,1,3, , , , 
315501,1,2,2,3,3,3,3,1
315502,1,2,3,3,2,2,3,1
315504,2,2,2,2,3,3,2,1
315505,1,3,3,2,2,2,2,1
315506,1,1,1,2,2,3,2,1
315507,1,2,3,3,3,1,2,1
315508,2,3,3,3,1,2,2,1
315509,1,2,2,3,3,2,2,1
315510,1,2,2,2,1,1,1,1
315511,1,1,1,3,3,3,2,1
315512,2,3,3,3,2,2,1,1
315513,1,3,3,3,3,3,3,3
315514,2,1,1,3,3,3,2,2
315515,2,2,3,3,3,3,2,2
315517,2,3,3,3,3,3,3,2
315519,1,2,2,2,1,2,2,1
315520,1,1,2,3,3,3,2,1
315601,2,2,1,3,3,2,3,2
315602,1,1,3,3,2,3,2,1
315603,2,2,2,3,1,2,2,2
315604,2,1,1,3,2,3,3,2
315606,2,2,2,3,2,2,3,2
315702,1,1,2,3,2,2,3,1
315703,1,3,2,3,3,3,3,2
315705,2,3,3,3,3,3,3,1
315706,1,3,3,3,3,3,3,1
315707,1,2,2,3,3,3,2,1
315708,1,1,1,3,1,2, , 
315709,2,1,1,2,2,1,1,1
315711,1,3,1,2,1,2,2,1
315712,1,3,3,3,2,3,2,2
315713,2,1,1,3,2,3,3,1
315714,2,2,1,3,2,2,2,3
315715,1,2,2,3,1,2,2,1
315716,2,2,3,3,1,2,2,1
315717,1,1,1,3, , , , 
315718,1,2,3,3,3,3,2,2
315719,1,3,1,3,3,3,3,3
315720,1,3,2,2,1,2,1,1
315801,1,2,2,2, , , , 
315802,2,1,1,3,1,3,2,1
315803,2,3,3,2,2,2,2,1
315804,1,3,3,3,2,2,2,1
315805,1,1,3,2,3,2,3,1
315806,2,3,2,3, , , , 
316001,2,2,2,3,2,3,2,1
316002,1,2,2,3,3,3,2,1
316003,1,2,2,2,3,3,2,1
316004,1,2,2,3,2,2,3,1
316005,1,2,2,3,3,3,2,1
316006,1,3,1,3,2,2,3,1
316007,1,2,1,3,2,2,2,1
316008,1,2,2,3,3,3,3,1
316009,2,2,2,2,3,3, , 
316010,1,2,1,3,3,3,2,1
316011,1,2,1,3,2,2,2,1
316012,1,1,2,3,1,2,3,1
316013,1,2,3,2,1,2,2,1
316014,1,2,1,3,1,2,2,1
316015,1,1,1,3,1,3,2,1
316016,1,2,1,3,3,2,2,1
316017,2,3,2,3, , , , 
316101,1,1,2,3,3,1,2,1
316102,1,3,1,1,3,3,2,1
316103,2,1,3,2,2,3,2,1
316104,2,3,1,3,3,2,2,1
316105,2,2,1,3,2,3,2,2
316202,1,1,2,3,1,2,2,2
316203,2,3,3,3,3,3,3,1
316205,1,1,1,3,2,1,3,1
316206,1,3,1,3,1,2,2,1
316207,1,3,2,1,1,1,2,1
316208,2,3,2,3,1,1,2,1
316209,1,3,3,3,1,2,2,1
316210,1,2,1,2,1,2,3,1
316211,1,2,2,3,3,3,2,1
316212,2,3,1,3,3,1,2,3
316216,1,2,3,3,2,1,3,1
316218,1,3,3,3,2,2,3,1
316219,1,2,1,2,2,2,2,1
316220,1,3,2,3,2,2,2,1
316221,2,1,2,3,2,2,2,2
316222,1,2,2,3,2,2,2,1
316301,1,3,3,2,1,3,2,1
316302,1,3,3,3,1,2,3,1
316303,1,2,3,3,2,3,3,2
316304,2,2,1,3,1,3,3,2
316305,1,3,2,1,1,3,2,2
316306,1,1,1,3,3,3,2,1
316307,2,3,3,3,3,3,3,1
316308,2,3,3,1,2,2,2,2
316309,1,3,2,2,2,2,3,1
316310,2,3,3,2,2,2,2,1
316311,2,2,2,3,3,3,2,1
316312,1,3,3,2,1,3,3,2
316313,1,3,3,2,1,1,3,1
316314,1,2,3,2,3,3,3,2
316315,2,1,1,2,1,1,3,1
316316,1,3,3,2,3,2,3,1
316317,2,2,2,2,2,2,3,1
316318,1,2,1,3,3,2,3,1
316319, ,3,2,3,2,2,3,2
316320,1,2,2,3,1,3,3,1
316401,1,2,2,2,2,2,2,2
316402,1,2,1,3,1,3,2,2
316403,1,2,3,3,3,1,1,1
316404,2,2,2,3,1,2,3,3
316405,1,2,3,3,2,2,2,1
316406,1,1,2,3,1,2,3,1
316407,1,1,2,3,3,3,3,1
316408,2,1,2,1,2,2,2,1
316410,1,3,3,3,3,2,3,3
316411,1,1,2,3,2,2,2,1
316412,2,2,3,1,2,2,3,2
316413,1,2,3,3,2,2,2,2
316414,1,2,1,3,3,2,3,2
316415,2,3,3,3,2,1,2,1
316416,1,1,1,3,2,2,2,1
316417,2,2,3,3,1,2,3,3
316418,1,1,2,3,1,3,2,2
316419,1,2,2,3,2,2,3,1
316420,2,2,2,3,2,2,3,1
316501,1,2,2,3,1,3,2,1
316502,1,3,3,3,1,2,3,1
316503,1,2,1,3,1,1,2,1
316504,2,2,2,2,3,3,2,2
316505,1,3,3,3,2,3,3,1
316506,1,3,3,3,3,2,3,2
316507,2,2,3,2,3,3, , 
316508,1,3,1,2,2,1,2,1
316509,1,3,3,3,2,2,3,2
316510,1,3,3,2,3,3,1,2
316511,1,2,3,3,2,3,3,1
316512,1,2,2,2,3,2,3,2
316513,1,2,3,2,2,2,2,1
316514,1,2,2,2,2,3,1,1
316516,1,1,1,3,3,3,3,1
316517,1,2,1,3,2,3,2,1
316518,1,3,3,3,2,3,2,2
316519,1,3,3,3,2,3,2,1
316601,2,1,3,2,2,3,3,1
316602,1,2,2,1,2,3,2,1
316604,1, , ,3,3,3, , 
316606,2,3,3,3,3,3,2,3
316607,1,2,3,3,2,2, ,2
316608,2,2,2,2,2,3,2,1
316609,1,2,2,3,1,1,1,1
316610,1,2,3,2,2,2,2,1
316611,1,3,2,2,3,2,2,1
316612,2,1,2,2,3,3,2,2
316613,2,2,3,3,2,3,2,1
316614,1,3,2,3,1,2,3,2
316615,1,2,3,3,3,2,2,1
316617,1,2,3,3,1,3,2,1
316618,2,3,3,3,2,2, , 
316620,2,3,2,3,3,2,3,1
316801,1,3,2,3,1,2,2,1
316802,1,3,3,3,3,2,3,3
316803,1,2,2,3,2,3,3,2
316804,1,2,3,3,3,3, , 
316806,2,3,3,3,3,2,3,1
316807,1,2,2,3,1,2,2,2
316808,2,1,1,3,3,3,2,2
316809,1,2,3,3,2,1,2,1
316810,2,2,3,3,3,2,3,2
316811,1,2,3,3,1,2, , 
316812,1,3,3,3,1,2,1,1
316813,2,1,1,3,2,3,3,1
316814,1,2,2,3,2,3,2,1
316815,1,3,3,3,2,2, ,1
316816,1,3,3,3,1,2,2,1
316817,1,2,2,2,3,3,2,2
316818,1,3,3,3,3,3,2,1
316819,2,2,3,3,2,3,2,2
316820,1,2,1,3,3,3,2,1
317001,1,3,3,3,3,2,3,1
317002,1,2,2,3,2,3,2,1
317003,2,2,3,2,2,3,2,1
317004,1,3,2,2,2,3,2,1
317005,1,1,1,3,3,3,2,1
317006,2,2,2,2,1,2,3,1
317007,1,2,1,2,1,2,2,1
317008,2,2,2,3,3,3,2,1
317009,1,2,1,3,1,3,2,1
317010,1,2,3,3,2,2,2,2
317011,2,3,3,3,3,3,3,1
317012,1,1,1,3,3,1,2,1
317101,2,2,2,2,1,2,2,1
317102,1,3,3,3,1,3,2,1
317103,1,2,1,3,2,2,2,1
317104,1,3,3,3,1,1, , 
317106,2,3,2,1,2,1,2,1
317109,1,3,3,3,3,3,3,3
317112,1,2,3,3,1,2,1,1
317113,1,3,3,2,1,1,1,1
317114,2,2,1,3,3,3,3,1
317115,1,2,2,3,1,2,2,1
317116,1,3,3,3,3,3,2,1
317118,1,2,3,3,2,2,2,1
317119,1,2,3,3,3,1,2,2
317120,1,3,3,3,2,3,2,2
317121,1,3,3,2,1,2,3,1
317122,1,2,3,3,2,2,3,1
317123,1,3,3,3,3,3,1,2
317124,1,3,3,3,2,2,1,1
317201,2,2,2,3,2,2,3,3
317202,1,3,3,2,3,3,2,1
317203,1,3,3,3,2,2,2,2
317205,1,3,3,3,2,3,2,1
317207,2,2,3,2,3,2,2,1
317209,1,3,1,1,2,2,2,1
317210,1,2,3,2,1,2,2,2
317212,1,2,1,3,3,2,3,1
317214,1,3,3,2,1,2,2,1
317216,1,2,3,3,3,3,3,2
317217,2,2,2,3,3,3,3,1
317218,1,3,1,2,2,3,3,2
317220,2,2,3,3,2,2,3,1
317301,2,2,3,3,2,2,2,1
317302,1,3,3,3,3,1,3,2
317303,1,2,2,3,3,3,2,1
317304,1,3,3,2, , , , 
317305,2,3,3,3,3,3,3,1
317306,1,2,3,2,3,2,1,1
317307,1,2,3,3,2,3,3,1
317401,1,2,3,3,2,2,3,2
317402,2,2,2,2,2,2,3,1
317404,2,2,2,3,2,3,3,1
317405,1,2,2,2,1,1,2,1
317406,2,2,2,3,1,2,2,1
317408,1,3,3,3, , , , 
317409,1,3,3,2,2,2,2, 
317410,1,2,1,3,2,3,2,1
317411,1,2,3,3,2,2,2,1
317413,1,2,1,3,2,2,2,1
317414,2,2,1,3,2,2,2,1
317415,2,3,3,3,2,2,2,3
317416,1,2,3,3,3,3,2,2
317417,1,3,3,2,3,2,2,2
317418,1, , , , , , , 
317419,1,3,3,3,1,1,2,1
317420,1,1,2,3,2,2,2,1
317602,2, , , , , , , 
317604,1,1,1,3,2,2,3,2
317605,2,2,2,2,3,2,3,2
317606,1,3,3,3,3,1,3,3
317608,1,2,2,3,2,3,2,1
317610,1,2,1,2, , , , 
317611,1,2,1,2,1,3,2,2
317613,1,2,2,3,2,2,2,1
317617,1,2,1,3,3,2,3,2
317618,2,2,2,3, , , , 
317619,1,2,2,3,1,2,1,1
